age,sex,cp,trestbps,chol,fbs,restecg,thalach,exang,oldpeak,slope,ca,thal,num,cad,source_cohort,source_row,source_file
63.0,1.0,1.0,145.0,233.0,1.0,2.0,150.0,0.0,2.3,3.0,0.0,6.0,0,0,cleveland,1,processed.cleveland.data
67.0,1.0,4.0,160.0,286.0,0.0,2.0,108.0,1.0,1.5,2.0,3.0,3.0,2,1,cleveland,2,processed.cleveland.data
67.0,1.0,4.0,120.0,229.0,0.0,2.0,129.0,1.0,2.6,2.0,2.0,7.0,1,1,cleveland,3,processed.cleveland.data
37.0,1.0,3.0,130.0,250.0,0.0,0.0,187.0,0.0,3.5,3.0,0.0,3.0,0,0,cleveland,4,processed.cleveland.data
41.0,0.0,2.0,130.0,204.0,0.0,2.0,172.0,0.0,1.4,1.0,0.0,3.0,0,0,cleveland,5,processed.cleveland.data
56.0,1.0,2.0,120.0,236.0,0.0,0.0,178.0,0.0,0.8,1.0,0.0,3.0,0,0,cleveland,6,processed.cleveland.data
62.0,0.0,4.0,140.0,268.0,0.0,2.0,160.0,0.0,3.6,3.0,2.0,3.0,3,1,cleveland,7,processed.cleveland.data
57.0,0.0,4.0,120.0,354.0,0.0,0.0,163.0,1.0,0.6,1.0,0.0,3.0,0,0,cleveland,8,processed.cleveland.data
63.0,1.0,4.0,130.0,254.0,0.0,2.0,147.0,0.0,1.4,2.0,1.0,7.0,2,1,cleveland,9,processed.cleveland.data
53.0,1.0,4.0,140.0,203.0,1.0,2.0,155.0,1.0,3.1,3.0,0.0,7.0,1,1,cleveland,10,processed.cleveland.data
57.0,1.0,4.0,140.0,192.0,0.0,0.0,148.0,0.0,0.4,2.0,0.0,6.0,0,0,cleveland,11,processed.cleveland.data
56.0,0.0,2.0,140.0,294.0,0.0,2.0,153.0,0.0,1.3,2.0,0.0,3.0,0,0,cleveland,12,processed.cleveland.data
56.0,1.0,3.0,130.0,256.0,1.0,2.0,142.0,1.0,0.6,2.0,1.0,6.0,2,1,cleveland,13,processed.cleveland.data
44.0,1.0,2.0,120.0,263.0,0.0,0.0,173.0,0.0,0.0,1.0,0.0,7.0,0,0,cleveland,14,processed.cleveland.data
52.0,1.0,3.0,172.0,199.0,1.0,0.0,162.0,0.0,0.5,1.0,0.0,7.0,0,0,cleveland,15,processed.cleveland.data
57.0,1.0,3.0,150.0,168.0,0.0,0.0,174.0,0.0,1.6,1.0,0.0,3.0,0,0,cleveland,16,processed.cleveland.data
48.0,1.0,2.0,110.0,229.0,0.0,0.0,168.0,0.0,1.0,3.0,0.0,7.0,1,1,cleveland,17,processed.cleveland.data
54.0,1.0,4.0,140.0,239.0,0.0,0.0,160.0,0.0,1.2,1.0,0.0,3.0,0,0,cleveland,18,processed.cleveland.data
48.0,0.0,3.0,130.0,275.0,0.0,0.0,139.0,0.0,0.2,1.0,0.0,3.0,0,0,cleveland,19,processed.cleveland.data
49.0,1.0,2.0,130.0,266.0,0.0,0.0,171.0,0.0,0.6,1.0,0.0,3.0,0,0,cleveland,20,processed.cleveland.data
64.0,1.0,1.0,110.0,211.0,0.0,2.0,144.0,1.0,1.8,2.0,0.0,3.0,0,0,cleveland,21,processed.cleveland.data
58.0,0.0,1.0,150.0,283.0,1.0,2.0,162.0,0.0,1.0,1.0,0.0,3.0,0,0,cleveland,22,processed.cleveland.data
58.0,1.0,2.0,120.0,284.0,0.0,2.0,160.0,0.0,1.8,2.0,0.0,3.0,1,1,cleveland,23,processed.cleveland.data
58.0,1.0,3.0,132.0,224.0,0.0,2.0,173.0,0.0,3.2,1.0,2.0,7.0,3,1,cleveland,24,processed.cleveland.data
60.0,1.0,4.0,130.0,206.0,0.0,2.0,132.0,1.0,2.4,2.0,2.0,7.0,4,1,cleveland,25,processed.cleveland.data
50.0,0.0,3.0,120.0,219.0,0.0,0.0,158.0,0.0,1.6,2.0,0.0,3.0,0,0,cleveland,26,processed.cleveland.data
58.0,0.0,3.0,120.0,340.0,0.0,0.0,172.0,0.0,0.0,1.0,0.0,3.0,0,0,cleveland,27,processed.cleveland.data
66.0,0.0,1.0,150.0,226.0,0.0,0.0,114.0,0.0,2.6,3.0,0.0,3.0,0,0,cleveland,28,processed.cleveland.data
43.0,1.0,4.0,150.0,247.0,0.0,0.0,171.0,0.0,1.5,1.0,0.0,3.0,0,0,cleveland,29,processed.cleveland.data
40.0,1.0,4.0,110.0,167.0,0.0,2.0,114.0,1.0,2.0,2.0,0.0,7.0,3,1,cleveland,30,processed.cleveland.data
69.0,0.0,1.0,140.0,239.0,0.0,0.0,151.0,0.0,1.8,1.0,2.0,3.0,0,0,cleveland,31,processed.cleveland.data
60.0,1.0,4.0,117.0,230.0,1.0,0.0,160.0,1.0,1.4,1.0,2.0,7.0,2,1,cleveland,32,processed.cleveland.data
64.0,1.0,3.0,140.0,335.0,0.0,0.0,158.0,0.0,0.0,1.0,0.0,3.0,1,1,cleveland,33,processed.cleveland.data
59.0,1.0,4.0,135.0,234.0,0.0,0.0,161.0,0.0,0.5,2.0,0.0,7.0,0,0,cleveland,34,processed.cleveland.data
44.0,1.0,3.0,130.0,233.0,0.0,0.0,179.0,1.0,0.4,1.0,0.0,3.0,0,0,cleveland,35,processed.cleveland.data
42.0,1.0,4.0,140.0,226.0,0.0,0.0,178.0,0.0,0.0,1.0,0.0,3.0,0,0,cleveland,36,processed.cleveland.data
43.0,1.0,4.0,120.0,177.0,0.0,2.0,120.0,1.0,2.5,2.0,0.0,7.0,3,1,cleveland,37,processed.cleveland.data
57.0,1.0,4.0,150.0,276.0,0.0,2.0,112.0,1.0,0.6,2.0,1.0,6.0,1,1,cleveland,38,processed.cleveland.data
55.0,1.0,4.0,132.0,353.0,0.0,0.0,132.0,1.0,1.2,2.0,1.0,7.0,3,1,cleveland,39,processed.cleveland.data
61.0,1.0,3.0,150.0,243.0,1.0,0.0,137.0,1.0,1.0,2.0,0.0,3.0,0,0,cleveland,40,processed.cleveland.data
65.0,0.0,4.0,150.0,225.0,0.0,2.0,114.0,0.0,1.0,2.0,3.0,7.0,4,1,cleveland,41,processed.cleveland.data
40.0,1.0,1.0,140.0,199.0,0.0,0.0,178.0,1.0,1.4,1.0,0.0,7.0,0,0,cleveland,42,processed.cleveland.data
71.0,0.0,2.0,160.0,302.0,0.0,0.0,162.0,0.0,0.4,1.0,2.0,3.0,0,0,cleveland,43,processed.cleveland.data
59.0,1.0,3.0,150.0,212.0,1.0,0.0,157.0,0.0,1.6,1.0,0.0,3.0,0,0,cleveland,44,processed.cleveland.data
61.0,0.0,4.0,130.0,330.0,0.0,2.0,169.0,0.0,0.0,1.0,0.0,3.0,1,1,cleveland,45,processed.cleveland.data
58.0,1.0,3.0,112.0,230.0,0.0,2.0,165.0,0.0,2.5,2.0,1.0,7.0,4,1,cleveland,46,processed.cleveland.data
51.0,1.0,3.0,110.0,175.0,0.0,0.0,123.0,0.0,0.6,1.0,0.0,3.0,0,0,cleveland,47,processed.cleveland.data
50.0,1.0,4.0,150.0,243.0,0.0,2.0,128.0,0.0,2.6,2.0,0.0,7.0,4,1,cleveland,48,processed.cleveland.data
65.0,0.0,3.0,140.0,417.0,1.0,2.0,157.0,0.0,0.8,1.0,1.0,3.0,0,0,cleveland,49,processed.cleveland.data
53.0,1.0,3.0,130.0,197.0,1.0,2.0,152.0,0.0,1.2,3.0,0.0,3.0,0,0,cleveland,50,processed.cleveland.data
41.0,0.0,2.0,105.0,198.0,0.0,0.0,168.0,0.0,0.0,1.0,1.0,3.0,0,0,cleveland,51,processed.cleveland.data
65.0,1.0,4.0,120.0,177.0,0.0,0.0,140.0,0.0,0.4,1.0,0.0,7.0,0,0,cleveland,52,processed.cleveland.data
44.0,1.0,4.0,112.0,290.0,0.0,2.0,153.0,0.0,0.0,1.0,1.0,3.0,2,1,cleveland,53,processed.cleveland.data
44.0,1.0,2.0,130.0,219.0,0.0,2.0,188.0,0.0,0.0,1.0,0.0,3.0,0,0,cleveland,54,processed.cleveland.data
60.0,1.0,4.0,130.0,253.0,0.0,0.0,144.0,1.0,1.4,1.0,1.0,7.0,1,1,cleveland,55,processed.cleveland.data
54.0,1.0,4.0,124.0,266.0,0.0,2.0,109.0,1.0,2.2,2.0,1.0,7.0,1,1,cleveland,56,processed.cleveland.data
50.0,1.0,3.0,140.0,233.0,0.0,0.0,163.0,0.0,0.6,2.0,1.0,7.0,1,1,cleveland,57,processed.cleveland.data
41.0,1.0,4.0,110.0,172.0,0.0,2.0,158.0,0.0,0.0,1.0,0.0,7.0,1,1,cleveland,58,processed.cleveland.data
54.0,1.0,3.0,125.0,273.0,0.0,2.0,152.0,0.0,0.5,3.0,1.0,3.0,0,0,cleveland,59,processed.cleveland.data
51.0,1.0,1.0,125.0,213.0,0.0,2.0,125.0,1.0,1.4,1.0,1.0,3.0,0,0,cleveland,60,processed.cleveland.data
51.0,0.0,4.0,130.0,305.0,0.0,0.0,142.0,1.0,1.2,2.0,0.0,7.0,2,1,cleveland,61,processed.cleveland.data
46.0,0.0,3.0,142.0,177.0,0.0,2.0,160.0,1.0,1.4,3.0,0.0,3.0,0,0,cleveland,62,processed.cleveland.data
58.0,1.0,4.0,128.0,216.0,0.0,2.0,131.0,1.0,2.2,2.0,3.0,7.0,1,1,cleveland,63,processed.cleveland.data
54.0,0.0,3.0,135.0,304.0,1.0,0.0,170.0,0.0,0.0,1.0,0.0,3.0,0,0,cleveland,64,processed.cleveland.data
54.0,1.0,4.0,120.0,188.0,0.0,0.0,113.0,0.0,1.4,2.0,1.0,7.0,2,1,cleveland,65,processed.cleveland.data
60.0,1.0,4.0,145.0,282.0,0.0,2.0,142.0,1.0,2.8,2.0,2.0,7.0,2,1,cleveland,66,processed.cleveland.data
60.0,1.0,3.0,140.0,185.0,0.0,2.0,155.0,0.0,3.0,2.0,0.0,3.0,1,1,cleveland,67,processed.cleveland.data
54.0,1.0,3.0,150.0,232.0,0.0,2.0,165.0,0.0,1.6,1.0,0.0,7.0,0,0,cleveland,68,processed.cleveland.data
59.0,1.0,4.0,170.0,326.0,0.0,2.0,140.0,1.0,3.4,3.0,0.0,7.0,2,1,cleveland,69,processed.cleveland.data
46.0,1.0,3.0,150.0,231.0,0.0,0.0,147.0,0.0,3.6,2.0,0.0,3.0,1,1,cleveland,70,processed.cleveland.data
65.0,0.0,3.0,155.0,269.0,0.0,0.0,148.0,0.0,0.8,1.0,0.0,3.0,0,0,cleveland,71,processed.cleveland.data
67.0,1.0,4.0,125.0,254.0,1.0,0.0,163.0,0.0,0.2,2.0,2.0,7.0,3,1,cleveland,72,processed.cleveland.data
62.0,1.0,4.0,120.0,267.0,0.0,0.0,99.0,1.0,1.8,2.0,2.0,7.0,1,1,cleveland,73,processed.cleveland.data
65.0,1.0,4.0,110.0,248.0,0.0,2.0,158.0,0.0,0.6,1.0,2.0,6.0,1,1,cleveland,74,processed.cleveland.data
44.0,1.0,4.0,110.0,197.0,0.0,2.0,177.0,0.0,0.0,1.0,1.0,3.0,1,1,cleveland,75,processed.cleveland.data
65.0,0.0,3.0,160.0,360.0,0.0,2.0,151.0,0.0,0.8,1.0,0.0,3.0,0,0,cleveland,76,processed.cleveland.data
60.0,1.0,4.0,125.0,258.0,0.0,2.0,141.0,1.0,2.8,2.0,1.0,7.0,1,1,cleveland,77,processed.cleveland.data
51.0,0.0,3.0,140.0,308.0,0.0,2.0,142.0,0.0,1.5,1.0,1.0,3.0,0,0,cleveland,78,processed.cleveland.data
48.0,1.0,2.0,130.0,245.0,0.0,2.0,180.0,0.0,0.2,2.0,0.0,3.0,0,0,cleveland,79,processed.cleveland.data
58.0,1.0,4.0,150.0,270.0,0.0,2.0,111.0,1.0,0.8,1.0,0.0,7.0,3,1,cleveland,80,processed.cleveland.data
45.0,1.0,4.0,104.0,208.0,0.0,2.0,148.0,1.0,3.0,2.0,0.0,3.0,0,0,cleveland,81,processed.cleveland.data
53.0,0.0,4.0,130.0,264.0,0.0,2.0,143.0,0.0,0.4,2.0,0.0,3.0,0,0,cleveland,82,processed.cleveland.data
39.0,1.0,3.0,140.0,321.0,0.0,2.0,182.0,0.0,0.0,1.0,0.0,3.0,0,0,cleveland,83,processed.cleveland.data
68.0,1.0,3.0,180.0,274.0,1.0,2.0,150.0,1.0,1.6,2.0,0.0,7.0,3,1,cleveland,84,processed.cleveland.data
52.0,1.0,2.0,120.0,325.0,0.0,0.0,172.0,0.0,0.2,1.0,0.0,3.0,0,0,cleveland,85,processed.cleveland.data
44.0,1.0,3.0,140.0,235.0,0.0,2.0,180.0,0.0,0.0,1.0,0.0,3.0,0,0,cleveland,86,processed.cleveland.data
47.0,1.0,3.0,138.0,257.0,0.0,2.0,156.0,0.0,0.0,1.0,0.0,3.0,0,0,cleveland,87,processed.cleveland.data
53.0,0.0,3.0,128.0,216.0,0.0,2.0,115.0,0.0,0.0,1.0,0.0,,0,0,cleveland,88,processed.cleveland.data
53.0,0.0,4.0,138.0,234.0,0.0,2.0,160.0,0.0,0.0,1.0,0.0,3.0,0,0,cleveland,89,processed.cleveland.data
51.0,0.0,3.0,130.0,256.0,0.0,2.0,149.0,0.0,0.5,1.0,0.0,3.0,0,0,cleveland,90,processed.cleveland.data
66.0,1.0,4.0,120.0,302.0,0.0,2.0,151.0,0.0,0.4,2.0,0.0,3.0,0,0,cleveland,91,processed.cleveland.data
62.0,0.0,4.0,160.0,164.0,0.0,2.0,145.0,0.0,6.2,3.0,3.0,7.0,3,1,cleveland,92,processed.cleveland.data
62.0,1.0,3.0,130.0,231.0,0.0,0.0,146.0,0.0,1.8,2.0,3.0,7.0,0,0,cleveland,93,processed.cleveland.data
44.0,0.0,3.0,108.0,141.0,0.0,0.0,175.0,0.0,0.6,2.0,0.0,3.0,0,0,cleveland,94,processed.cleveland.data
63.0,0.0,3.0,135.0,252.0,0.0,2.0,172.0,0.0,0.0,1.0,0.0,3.0,0,0,cleveland,95,processed.cleveland.data
52.0,1.0,4.0,128.0,255.0,0.0,0.0,161.0,1.0,0.0,1.0,1.0,7.0,1,1,cleveland,96,processed.cleveland.data
59.0,1.0,4.0,110.0,239.0,0.0,2.0,142.0,1.0,1.2,2.0,1.0,7.0,2,1,cleveland,97,processed.cleveland.data
60.0,0.0,4.0,150.0,258.0,0.0,2.0,157.0,0.0,2.6,2.0,2.0,7.0,3,1,cleveland,98,processed.cleveland.data
52.0,1.0,2.0,134.0,201.0,0.0,0.0,158.0,0.0,0.8,1.0,1.0,3.0,0,0,cleveland,99,processed.cleveland.data
48.0,1.0,4.0,122.0,222.0,0.0,2.0,186.0,0.0,0.0,1.0,0.0,3.0,0,0,cleveland,100,processed.cleveland.data
45.0,1.0,4.0,115.0,260.0,0.0,2.0,185.0,0.0,0.0,1.0,0.0,3.0,0,0,cleveland,101,processed.cleveland.data
34.0,1.0,1.0,118.0,182.0,0.0,2.0,174.0,0.0,0.0,1.0,0.0,3.0,0,0,cleveland,102,processed.cleveland.data
57.0,0.0,4.0,128.0,303.0,0.0,2.0,159.0,0.0,0.0,1.0,1.0,3.0,0,0,cleveland,103,processed.cleveland.data
71.0,0.0,3.0,110.0,265.0,1.0,2.0,130.0,0.0,0.0,1.0,1.0,3.0,0,0,cleveland,104,processed.cleveland.data
49.0,1.0,3.0,120.0,188.0,0.0,0.0,139.0,0.0,2.0,2.0,3.0,7.0,3,1,cleveland,105,processed.cleveland.data
54.0,1.0,2.0,108.0,309.0,0.0,0.0,156.0,0.0,0.0,1.0,0.0,7.0,0,0,cleveland,106,processed.cleveland.data
59.0,1.0,4.0,140.0,177.0,0.0,0.0,162.0,1.0,0.0,1.0,1.0,7.0,2,1,cleveland,107,processed.cleveland.data
57.0,1.0,3.0,128.0,229.0,0.0,2.0,150.0,0.0,0.4,2.0,1.0,7.0,1,1,cleveland,108,processed.cleveland.data
61.0,1.0,4.0,120.0,260.0,0.0,0.0,140.0,1.0,3.6,2.0,1.0,7.0,2,1,cleveland,109,processed.cleveland.data
39.0,1.0,4.0,118.0,219.0,0.0,0.0,140.0,0.0,1.2,2.0,0.0,7.0,3,1,cleveland,110,processed.cleveland.data
61.0,0.0,4.0,145.0,307.0,0.0,2.0,146.0,1.0,1.0,2.0,0.0,7.0,1,1,cleveland,111,processed.cleveland.data
56.0,1.0,4.0,125.0,249.0,1.0,2.0,144.0,1.0,1.2,2.0,1.0,3.0,1,1,cleveland,112,processed.cleveland.data
52.0,1.0,1.0,118.0,186.0,0.0,2.0,190.0,0.0,0.0,2.0,0.0,6.0,0,0,cleveland,113,processed.cleveland.data
43.0,0.0,4.0,132.0,341.0,1.0,2.0,136.0,1.0,3.0,2.0,0.0,7.0,2,1,cleveland,114,processed.cleveland.data
62.0,0.0,3.0,130.0,263.0,0.0,0.0,97.0,0.0,1.2,2.0,1.0,7.0,2,1,cleveland,115,processed.cleveland.data
41.0,1.0,2.0,135.0,203.0,0.0,0.0,132.0,0.0,0.0,2.0,0.0,6.0,0,0,cleveland,116,processed.cleveland.data
58.0,1.0,3.0,140.0,211.0,1.0,2.0,165.0,0.0,0.0,1.0,0.0,3.0,0,0,cleveland,117,processed.cleveland.data
35.0,0.0,4.0,138.0,183.0,0.0,0.0,182.0,0.0,1.4,1.0,0.0,3.0,0,0,cleveland,118,processed.cleveland.data
63.0,1.0,4.0,130.0,330.0,1.0,2.0,132.0,1.0,1.8,1.0,3.0,7.0,3,1,cleveland,119,processed.cleveland.data
65.0,1.0,4.0,135.0,254.0,0.0,2.0,127.0,0.0,2.8,2.0,1.0,7.0,2,1,cleveland,120,processed.cleveland.data
48.0,1.0,4.0,130.0,256.0,1.0,2.0,150.0,1.0,0.0,1.0,2.0,7.0,3,1,cleveland,121,processed.cleveland.data
63.0,0.0,4.0,150.0,407.0,0.0,2.0,154.0,0.0,4.0,2.0,3.0,7.0,4,1,cleveland,122,processed.cleveland.data
51.0,1.0,3.0,100.0,222.0,0.0,0.0,143.0,1.0,1.2,2.0,0.0,3.0,0,0,cleveland,123,processed.cleveland.data
55.0,1.0,4.0,140.0,217.0,0.0,0.0,111.0,1.0,5.6,3.0,0.0,7.0,3,1,cleveland,124,processed.cleveland.data
65.0,1.0,1.0,138.0,282.0,1.0,2.0,174.0,0.0,1.4,2.0,1.0,3.0,1,1,cleveland,125,processed.cleveland.data
45.0,0.0,2.0,130.0,234.0,0.0,2.0,175.0,0.0,0.6,2.0,0.0,3.0,0,0,cleveland,126,processed.cleveland.data
56.0,0.0,4.0,200.0,288.0,1.0,2.0,133.0,1.0,4.0,3.0,2.0,7.0,3,1,cleveland,127,processed.cleveland.data
54.0,1.0,4.0,110.0,239.0,0.0,0.0,126.0,1.0,2.8,2.0,1.0,7.0,3,1,cleveland,128,processed.cleveland.data
44.0,1.0,2.0,120.0,220.0,0.0,0.0,170.0,0.0,0.0,1.0,0.0,3.0,0,0,cleveland,129,processed.cleveland.data
62.0,0.0,4.0,124.0,209.0,0.0,0.0,163.0,0.0,0.0,1.0,0.0,3.0,0,0,cleveland,130,processed.cleveland.data
54.0,1.0,3.0,120.0,258.0,0.0,2.0,147.0,0.0,0.4,2.0,0.0,7.0,0,0,cleveland,131,processed.cleveland.data
51.0,1.0,3.0,94.0,227.0,0.0,0.0,154.0,1.0,0.0,1.0,1.0,7.0,0,0,cleveland,132,processed.cleveland.data
29.0,1.0,2.0,130.0,204.0,0.0,2.0,202.0,0.0,0.0,1.0,0.0,3.0,0,0,cleveland,133,processed.cleveland.data
51.0,1.0,4.0,140.0,261.0,0.0,2.0,186.0,1.0,0.0,1.0,0.0,3.0,0,0,cleveland,134,processed.cleveland.data
43.0,0.0,3.0,122.0,213.0,0.0,0.0,165.0,0.0,0.2,2.0,0.0,3.0,0,0,cleveland,135,processed.cleveland.data
55.0,0.0,2.0,135.0,250.0,0.0,2.0,161.0,0.0,1.4,2.0,0.0,3.0,0,0,cleveland,136,processed.cleveland.data
70.0,1.0,4.0,145.0,174.0,0.0,0.0,125.0,1.0,2.6,3.0,0.0,7.0,4,1,cleveland,137,processed.cleveland.data
62.0,1.0,2.0,120.0,281.0,0.0,2.0,103.0,0.0,1.4,2.0,1.0,7.0,3,1,cleveland,138,processed.cleveland.data
35.0,1.0,4.0,120.0,198.0,0.0,0.0,130.0,1.0,1.6,2.0,0.0,7.0,1,1,cleveland,139,processed.cleveland.data
51.0,1.0,3.0,125.0,245.0,1.0,2.0,166.0,0.0,2.4,2.0,0.0,3.0,0,0,cleveland,140,processed.cleveland.data
59.0,1.0,2.0,140.0,221.0,0.0,0.0,164.0,1.0,0.0,1.0,0.0,3.0,0,0,cleveland,141,processed.cleveland.data
59.0,1.0,1.0,170.0,288.0,0.0,2.0,159.0,0.0,0.2,2.0,0.0,7.0,1,1,cleveland,142,processed.cleveland.data
52.0,1.0,2.0,128.0,205.0,1.0,0.0,184.0,0.0,0.0,1.0,0.0,3.0,0,0,cleveland,143,processed.cleveland.data
64.0,1.0,3.0,125.0,309.0,0.0,0.0,131.0,1.0,1.8,2.0,0.0,7.0,1,1,cleveland,144,processed.cleveland.data
58.0,1.0,3.0,105.0,240.0,0.0,2.0,154.0,1.0,0.6,2.0,0.0,7.0,0,0,cleveland,145,processed.cleveland.data
47.0,1.0,3.0,108.0,243.0,0.0,0.0,152.0,0.0,0.0,1.0,0.0,3.0,1,1,cleveland,146,processed.cleveland.data
57.0,1.0,4.0,165.0,289.0,1.0,2.0,124.0,0.0,1.0,2.0,3.0,7.0,4,1,cleveland,147,processed.cleveland.data
41.0,1.0,3.0,112.0,250.0,0.0,0.0,179.0,0.0,0.0,1.0,0.0,3.0,0,0,cleveland,148,processed.cleveland.data
45.0,1.0,2.0,128.0,308.0,0.0,2.0,170.0,0.0,0.0,1.0,0.0,3.0,0,0,cleveland,149,processed.cleveland.data
60.0,0.0,3.0,102.0,318.0,0.0,0.0,160.0,0.0,0.0,1.0,1.0,3.0,0,0,cleveland,150,processed.cleveland.data
52.0,1.0,1.0,152.0,298.0,1.0,0.0,178.0,0.0,1.2,2.0,0.0,7.0,0,0,cleveland,151,processed.cleveland.data
42.0,0.0,4.0,102.0,265.0,0.0,2.0,122.0,0.0,0.6,2.0,0.0,3.0,0,0,cleveland,152,processed.cleveland.data
67.0,0.0,3.0,115.0,564.0,0.0,2.0,160.0,0.0,1.6,2.0,0.0,7.0,0,0,cleveland,153,processed.cleveland.data
55.0,1.0,4.0,160.0,289.0,0.0,2.0,145.0,1.0,0.8,2.0,1.0,7.0,4,1,cleveland,154,processed.cleveland.data
64.0,1.0,4.0,120.0,246.0,0.0,2.0,96.0,1.0,2.2,3.0,1.0,3.0,3,1,cleveland,155,processed.cleveland.data
70.0,1.0,4.0,130.0,322.0,0.0,2.0,109.0,0.0,2.4,2.0,3.0,3.0,1,1,cleveland,156,processed.cleveland.data
51.0,1.0,4.0,140.0,299.0,0.0,0.0,173.0,1.0,1.6,1.0,0.0,7.0,1,1,cleveland,157,processed.cleveland.data
58.0,1.0,4.0,125.0,300.0,0.0,2.0,171.0,0.0,0.0,1.0,2.0,7.0,1,1,cleveland,158,processed.cleveland.data
60.0,1.0,4.0,140.0,293.0,0.0,2.0,170.0,0.0,1.2,2.0,2.0,7.0,2,1,cleveland,159,processed.cleveland.data
68.0,1.0,3.0,118.0,277.0,0.0,0.0,151.0,0.0,1.0,1.0,1.0,7.0,0,0,cleveland,160,processed.cleveland.data
46.0,1.0,2.0,101.0,197.0,1.0,0.0,156.0,0.0,0.0,1.0,0.0,7.0,0,0,cleveland,161,processed.cleveland.data
77.0,1.0,4.0,125.0,304.0,0.0,2.0,162.0,1.0,0.0,1.0,3.0,3.0,4,1,cleveland,162,processed.cleveland.data
54.0,0.0,3.0,110.0,214.0,0.0,0.0,158.0,0.0,1.6,2.0,0.0,3.0,0,0,cleveland,163,processed.cleveland.data
58.0,0.0,4.0,100.0,248.0,0.0,2.0,122.0,0.0,1.0,2.0,0.0,3.0,0,0,cleveland,164,processed.cleveland.data
48.0,1.0,3.0,124.0,255.0,1.0,0.0,175.0,0.0,0.0,1.0,2.0,3.0,0,0,cleveland,165,processed.cleveland.data
57.0,1.0,4.0,132.0,207.0,0.0,0.0,168.0,1.0,0.0,1.0,0.0,7.0,0,0,cleveland,166,processed.cleveland.data
52.0,1.0,3.0,138.0,223.0,0.0,0.0,169.0,0.0,0.0,1.0,,3.0,0,0,cleveland,167,processed.cleveland.data
54.0,0.0,2.0,132.0,288.0,1.0,2.0,159.0,1.0,0.0,1.0,1.0,3.0,0,0,cleveland,168,processed.cleveland.data
35.0,1.0,4.0,126.0,282.0,0.0,2.0,156.0,1.0,0.0,1.0,0.0,7.0,1,1,cleveland,169,processed.cleveland.data
45.0,0.0,2.0,112.0,160.0,0.0,0.0,138.0,0.0,0.0,2.0,0.0,3.0,0,0,cleveland,170,processed.cleveland.data
70.0,1.0,3.0,160.0,269.0,0.0,0.0,112.0,1.0,2.9,2.0,1.0,7.0,3,1,cleveland,171,processed.cleveland.data
53.0,1.0,4.0,142.0,226.0,0.0,2.0,111.0,1.0,0.0,1.0,0.0,7.0,0,0,cleveland,172,processed.cleveland.data
59.0,0.0,4.0,174.0,249.0,0.0,0.0,143.0,1.0,0.0,2.0,0.0,3.0,1,1,cleveland,173,processed.cleveland.data
62.0,0.0,4.0,140.0,394.0,0.0,2.0,157.0,0.0,1.2,2.0,0.0,3.0,0,0,cleveland,174,processed.cleveland.data
64.0,1.0,4.0,145.0,212.0,0.0,2.0,132.0,0.0,2.0,2.0,2.0,6.0,4,1,cleveland,175,processed.cleveland.data
57.0,1.0,4.0,152.0,274.0,0.0,0.0,88.0,1.0,1.2,2.0,1.0,7.0,1,1,cleveland,176,processed.cleveland.data
52.0,1.0,4.0,108.0,233.0,1.0,0.0,147.0,0.0,0.1,1.0,3.0,7.0,0,0,cleveland,177,processed.cleveland.data
56.0,1.0,4.0,132.0,184.0,0.0,2.0,105.0,1.0,2.1,2.0,1.0,6.0,1,1,cleveland,178,processed.cleveland.data
43.0,1.0,3.0,130.0,315.0,0.0,0.0,162.0,0.0,1.9,1.0,1.0,3.0,0,0,cleveland,179,processed.cleveland.data
53.0,1.0,3.0,130.0,246.0,1.0,2.0,173.0,0.0,0.0,1.0,3.0,3.0,0,0,cleveland,180,processed.cleveland.data
48.0,1.0,4.0,124.0,274.0,0.0,2.0,166.0,0.0,0.5,2.0,0.0,7.0,3,1,cleveland,181,processed.cleveland.data
56.0,0.0,4.0,134.0,409.0,0.0,2.0,150.0,1.0,1.9,2.0,2.0,7.0,2,1,cleveland,182,processed.cleveland.data
42.0,1.0,1.0,148.0,244.0,0.0,2.0,178.0,0.0,0.8,1.0,2.0,3.0,0,0,cleveland,183,processed.cleveland.data
59.0,1.0,1.0,178.0,270.0,0.0,2.0,145.0,0.0,4.2,3.0,0.0,7.0,0,0,cleveland,184,processed.cleveland.data
60.0,0.0,4.0,158.0,305.0,0.0,2.0,161.0,0.0,0.0,1.0,0.0,3.0,1,1,cleveland,185,processed.cleveland.data
63.0,0.0,2.0,140.0,195.0,0.0,0.0,179.0,0.0,0.0,1.0,2.0,3.0,0,0,cleveland,186,processed.cleveland.data
42.0,1.0,3.0,120.0,240.0,1.0,0.0,194.0,0.0,0.8,3.0,0.0,7.0,0,0,cleveland,187,processed.cleveland.data
66.0,1.0,2.0,160.0,246.0,0.0,0.0,120.0,1.0,0.0,2.0,3.0,6.0,2,1,cleveland,188,processed.cleveland.data
54.0,1.0,2.0,192.0,283.0,0.0,2.0,195.0,0.0,0.0,1.0,1.0,7.0,1,1,cleveland,189,processed.cleveland.data
69.0,1.0,3.0,140.0,254.0,0.0,2.0,146.0,0.0,2.0,2.0,3.0,7.0,2,1,cleveland,190,processed.cleveland.data
50.0,1.0,3.0,129.0,196.0,0.0,0.0,163.0,0.0,0.0,1.0,0.0,3.0,0,0,cleveland,191,processed.cleveland.data
51.0,1.0,4.0,140.0,298.0,0.0,0.0,122.0,1.0,4.2,2.0,3.0,7.0,3,1,cleveland,192,processed.cleveland.data
43.0,1.0,4.0,132.0,247.0,1.0,2.0,143.0,1.0,0.1,2.0,,7.0,1,1,cleveland,193,processed.cleveland.data
62.0,0.0,4.0,138.0,294.0,1.0,0.0,106.0,0.0,1.9,2.0,3.0,3.0,2,1,cleveland,194,processed.cleveland.data
68.0,0.0,3.0,120.0,211.0,0.0,2.0,115.0,0.0,1.5,2.0,0.0,3.0,0,0,cleveland,195,processed.cleveland.data
67.0,1.0,4.0,100.0,299.0,0.0,2.0,125.0,1.0,0.9,2.0,2.0,3.0,3,1,cleveland,196,processed.cleveland.data
69.0,1.0,1.0,160.0,234.0,1.0,2.0,131.0,0.0,0.1,2.0,1.0,3.0,0,0,cleveland,197,processed.cleveland.data
45.0,0.0,4.0,138.0,236.0,0.0,2.0,152.0,1.0,0.2,2.0,0.0,3.0,0,0,cleveland,198,processed.cleveland.data
50.0,0.0,2.0,120.0,244.0,0.0,0.0,162.0,0.0,1.1,1.0,0.0,3.0,0,0,cleveland,199,processed.cleveland.data
59.0,1.0,1.0,160.0,273.0,0.0,2.0,125.0,0.0,0.0,1.0,0.0,3.0,1,1,cleveland,200,processed.cleveland.data
50.0,0.0,4.0,110.0,254.0,0.0,2.0,159.0,0.0,0.0,1.0,0.0,3.0,0,0,cleveland,201,processed.cleveland.data
64.0,0.0,4.0,180.0,325.0,0.0,0.0,154.0,1.0,0.0,1.0,0.0,3.0,0,0,cleveland,202,processed.cleveland.data
57.0,1.0,3.0,150.0,126.0,1.0,0.0,173.0,0.0,0.2,1.0,1.0,7.0,0,0,cleveland,203,processed.cleveland.data
64.0,0.0,3.0,140.0,313.0,0.0,0.0,133.0,0.0,0.2,1.0,0.0,7.0,0,0,cleveland,204,processed.cleveland.data
43.0,1.0,4.0,110.0,211.0,0.0,0.0,161.0,0.0,0.0,1.0,0.0,7.0,0,0,cleveland,205,processed.cleveland.data
45.0,1.0,4.0,142.0,309.0,0.0,2.0,147.0,1.0,0.0,2.0,3.0,7.0,3,1,cleveland,206,processed.cleveland.data
58.0,1.0,4.0,128.0,259.0,0.0,2.0,130.0,1.0,3.0,2.0,2.0,7.0,3,1,cleveland,207,processed.cleveland.data
50.0,1.0,4.0,144.0,200.0,0.0,2.0,126.0,1.0,0.9,2.0,0.0,7.0,3,1,cleveland,208,processed.cleveland.data
55.0,1.0,2.0,130.0,262.0,0.0,0.0,155.0,0.0,0.0,1.0,0.0,3.0,0,0,cleveland,209,processed.cleveland.data
62.0,0.0,4.0,150.0,244.0,0.0,0.0,154.0,1.0,1.4,2.0,0.0,3.0,1,1,cleveland,210,processed.cleveland.data
37.0,0.0,3.0,120.0,215.0,0.0,0.0,170.0,0.0,0.0,1.0,0.0,3.0,0,0,cleveland,211,processed.cleveland.data
38.0,1.0,1.0,120.0,231.0,0.0,0.0,182.0,1.0,3.8,2.0,0.0,7.0,4,1,cleveland,212,processed.cleveland.data
41.0,1.0,3.0,130.0,214.0,0.0,2.0,168.0,0.0,2.0,2.0,0.0,3.0,0,0,cleveland,213,processed.cleveland.data
66.0,0.0,4.0,178.0,228.0,1.0,0.0,165.0,1.0,1.0,2.0,2.0,7.0,3,1,cleveland,214,processed.cleveland.data
52.0,1.0,4.0,112.0,230.0,0.0,0.0,160.0,0.0,0.0,1.0,1.0,3.0,1,1,cleveland,215,processed.cleveland.data
56.0,1.0,1.0,120.0,193.0,0.0,2.0,162.0,0.0,1.9,2.0,0.0,7.0,0,0,cleveland,216,processed.cleveland.data
46.0,0.0,2.0,105.0,204.0,0.0,0.0,172.0,0.0,0.0,1.0,0.0,3.0,0,0,cleveland,217,processed.cleveland.data
46.0,0.0,4.0,138.0,243.0,0.0,2.0,152.0,1.0,0.0,2.0,0.0,3.0,0,0,cleveland,218,processed.cleveland.data
64.0,0.0,4.0,130.0,303.0,0.0,0.0,122.0,0.0,2.0,2.0,2.0,3.0,0,0,cleveland,219,processed.cleveland.data
59.0,1.0,4.0,138.0,271.0,0.0,2.0,182.0,0.0,0.0,1.0,0.0,3.0,0,0,cleveland,220,processed.cleveland.data
41.0,0.0,3.0,112.0,268.0,0.0,2.0,172.0,1.0,0.0,1.0,0.0,3.0,0,0,cleveland,221,processed.cleveland.data
54.0,0.0,3.0,108.0,267.0,0.0,2.0,167.0,0.0,0.0,1.0,0.0,3.0,0,0,cleveland,222,processed.cleveland.data
39.0,0.0,3.0,94.0,199.0,0.0,0.0,179.0,0.0,0.0,1.0,0.0,3.0,0,0,cleveland,223,processed.cleveland.data
53.0,1.0,4.0,123.0,282.0,0.0,0.0,95.0,1.0,2.0,2.0,2.0,7.0,3,1,cleveland,224,processed.cleveland.data
63.0,0.0,4.0,108.0,269.0,0.0,0.0,169.0,1.0,1.8,2.0,2.0,3.0,1,1,cleveland,225,processed.cleveland.data
34.0,0.0,2.0,118.0,210.0,0.0,0.0,192.0,0.0,0.7,1.0,0.0,3.0,0,0,cleveland,226,processed.cleveland.data
47.0,1.0,4.0,112.0,204.0,0.0,0.0,143.0,0.0,0.1,1.0,0.0,3.0,0,0,cleveland,227,processed.cleveland.data
67.0,0.0,3.0,152.0,277.0,0.0,0.0,172.0,0.0,0.0,1.0,1.0,3.0,0,0,cleveland,228,processed.cleveland.data
54.0,1.0,4.0,110.0,206.0,0.0,2.0,108.0,1.0,0.0,2.0,1.0,3.0,3,1,cleveland,229,processed.cleveland.data
66.0,1.0,4.0,112.0,212.0,0.0,2.0,132.0,1.0,0.1,1.0,1.0,3.0,2,1,cleveland,230,processed.cleveland.data
52.0,0.0,3.0,136.0,196.0,0.0,2.0,169.0,0.0,0.1,2.0,0.0,3.0,0,0,cleveland,231,processed.cleveland.data
55.0,0.0,4.0,180.0,327.0,0.0,1.0,117.0,1.0,3.4,2.0,0.0,3.0,2,1,cleveland,232,processed.cleveland.data
49.0,1.0,3.0,118.0,149.0,0.0,2.0,126.0,0.0,0.8,1.0,3.0,3.0,1,1,cleveland,233,processed.cleveland.data
74.0,0.0,2.0,120.0,269.0,0.0,2.0,121.0,1.0,0.2,1.0,1.0,3.0,0,0,cleveland,234,processed.cleveland.data
54.0,0.0,3.0,160.0,201.0,0.0,0.0,163.0,0.0,0.0,1.0,1.0,3.0,0,0,cleveland,235,processed.cleveland.data
54.0,1.0,4.0,122.0,286.0,0.0,2.0,116.0,1.0,3.2,2.0,2.0,3.0,3,1,cleveland,236,processed.cleveland.data
56.0,1.0,4.0,130.0,283.0,1.0,2.0,103.0,1.0,1.6,3.0,0.0,7.0,2,1,cleveland,237,processed.cleveland.data
46.0,1.0,4.0,120.0,249.0,0.0,2.0,144.0,0.0,0.8,1.0,0.0,7.0,1,1,cleveland,238,processed.cleveland.data
49.0,0.0,2.0,134.0,271.0,0.0,0.0,162.0,0.0,0.0,2.0,0.0,3.0,0,0,cleveland,239,processed.cleveland.data
42.0,1.0,2.0,120.0,295.0,0.0,0.0,162.0,0.0,0.0,1.0,0.0,3.0,0,0,cleveland,240,processed.cleveland.data
41.0,1.0,2.0,110.0,235.0,0.0,0.0,153.0,0.0,0.0,1.0,0.0,3.0,0,0,cleveland,241,processed.cleveland.data
41.0,0.0,2.0,126.0,306.0,0.0,0.0,163.0,0.0,0.0,1.0,0.0,3.0,0,0,cleveland,242,processed.cleveland.data
49.0,0.0,4.0,130.0,269.0,0.0,0.0,163.0,0.0,0.0,1.0,0.0,3.0,0,0,cleveland,243,processed.cleveland.data
61.0,1.0,1.0,134.0,234.0,0.0,0.0,145.0,0.0,2.6,2.0,2.0,3.0,2,1,cleveland,244,processed.cleveland.data
60.0,0.0,3.0,120.0,178.0,1.0,0.0,96.0,0.0,0.0,1.0,0.0,3.0,0,0,cleveland,245,processed.cleveland.data
67.0,1.0,4.0,120.0,237.0,0.0,0.0,71.0,0.0,1.0,2.0,0.0,3.0,2,1,cleveland,246,processed.cleveland.data
58.0,1.0,4.0,100.0,234.0,0.0,0.0,156.0,0.0,0.1,1.0,1.0,7.0,2,1,cleveland,247,processed.cleveland.data
47.0,1.0,4.0,110.0,275.0,0.0,2.0,118.0,1.0,1.0,2.0,1.0,3.0,1,1,cleveland,248,processed.cleveland.data
52.0,1.0,4.0,125.0,212.0,0.0,0.0,168.0,0.0,1.0,1.0,2.0,7.0,3,1,cleveland,249,processed.cleveland.data
62.0,1.0,2.0,128.0,208.0,1.0,2.0,140.0,0.0,0.0,1.0,0.0,3.0,0,0,cleveland,250,processed.cleveland.data
57.0,1.0,4.0,110.0,201.0,0.0,0.0,126.0,1.0,1.5,2.0,0.0,6.0,0,0,cleveland,251,processed.cleveland.data
58.0,1.0,4.0,146.0,218.0,0.0,0.0,105.0,0.0,2.0,2.0,1.0,7.0,1,1,cleveland,252,processed.cleveland.data
64.0,1.0,4.0,128.0,263.0,0.0,0.0,105.0,1.0,0.2,2.0,1.0,7.0,0,0,cleveland,253,processed.cleveland.data
51.0,0.0,3.0,120.0,295.0,0.0,2.0,157.0,0.0,0.6,1.0,0.0,3.0,0,0,cleveland,254,processed.cleveland.data
43.0,1.0,4.0,115.0,303.0,0.0,0.0,181.0,0.0,1.2,2.0,0.0,3.0,0,0,cleveland,255,processed.cleveland.data
42.0,0.0,3.0,120.0,209.0,0.0,0.0,173.0,0.0,0.0,2.0,0.0,3.0,0,0,cleveland,256,processed.cleveland.data
67.0,0.0,4.0,106.0,223.0,0.0,0.0,142.0,0.0,0.3,1.0,2.0,3.0,0,0,cleveland,257,processed.cleveland.data
76.0,0.0,3.0,140.0,197.0,0.0,1.0,116.0,0.0,1.1,2.0,0.0,3.0,0,0,cleveland,258,processed.cleveland.data
70.0,1.0,2.0,156.0,245.0,0.0,2.0,143.0,0.0,0.0,1.0,0.0,3.0,0,0,cleveland,259,processed.cleveland.data
57.0,1.0,2.0,124.0,261.0,0.0,0.0,141.0,0.0,0.3,1.0,0.0,7.0,1,1,cleveland,260,processed.cleveland.data
44.0,0.0,3.0,118.0,242.0,0.0,0.0,149.0,0.0,0.3,2.0,1.0,3.0,0,0,cleveland,261,processed.cleveland.data
58.0,0.0,2.0,136.0,319.0,1.0,2.0,152.0,0.0,0.0,1.0,2.0,3.0,3,1,cleveland,262,processed.cleveland.data
60.0,0.0,1.0,150.0,240.0,0.0,0.0,171.0,0.0,0.9,1.0,0.0,3.0,0,0,cleveland,263,processed.cleveland.data
44.0,1.0,3.0,120.0,226.0,0.0,0.0,169.0,0.0,0.0,1.0,0.0,3.0,0,0,cleveland,264,processed.cleveland.data
61.0,1.0,4.0,138.0,166.0,0.0,2.0,125.0,1.0,3.6,2.0,1.0,3.0,4,1,cleveland,265,processed.cleveland.data
42.0,1.0,4.0,136.0,315.0,0.0,0.0,125.0,1.0,1.8,2.0,0.0,6.0,2,1,cleveland,266,processed.cleveland.data
52.0,1.0,4.0,128.0,204.0,1.0,0.0,156.0,1.0,1.0,2.0,0.0,,2,1,cleveland,267,processed.cleveland.data
59.0,1.0,3.0,126.0,218.0,1.0,0.0,134.0,0.0,2.2,2.0,1.0,6.0,2,1,cleveland,268,processed.cleveland.data
40.0,1.0,4.0,152.0,223.0,0.0,0.0,181.0,0.0,0.0,1.0,0.0,7.0,1,1,cleveland,269,processed.cleveland.data
42.0,1.0,3.0,130.0,180.0,0.0,0.0,150.0,0.0,0.0,1.0,0.0,3.0,0,0,cleveland,270,processed.cleveland.data
61.0,1.0,4.0,140.0,207.0,0.0,2.0,138.0,1.0,1.9,1.0,1.0,7.0,1,1,cleveland,271,processed.cleveland.data
66.0,1.0,4.0,160.0,228.0,0.0,2.0,138.0,0.0,2.3,1.0,0.0,6.0,0,0,cleveland,272,processed.cleveland.data
46.0,1.0,4.0,140.0,311.0,0.0,0.0,120.0,1.0,1.8,2.0,2.0,7.0,2,1,cleveland,273,processed.cleveland.data
71.0,0.0,4.0,112.0,149.0,0.0,0.0,125.0,0.0,1.6,2.0,0.0,3.0,0,0,cleveland,274,processed.cleveland.data
59.0,1.0,1.0,134.0,204.0,0.0,0.0,162.0,0.0,0.8,1.0,2.0,3.0,1,1,cleveland,275,processed.cleveland.data
64.0,1.0,1.0,170.0,227.0,0.0,2.0,155.0,0.0,0.6,2.0,0.0,7.0,0,0,cleveland,276,processed.cleveland.data
66.0,0.0,3.0,146.0,278.0,0.0,2.0,152.0,0.0,0.0,2.0,1.0,3.0,0,0,cleveland,277,processed.cleveland.data
39.0,0.0,3.0,138.0,220.0,0.0,0.0,152.0,0.0,0.0,2.0,0.0,3.0,0,0,cleveland,278,processed.cleveland.data
57.0,1.0,2.0,154.0,232.0,0.0,2.0,164.0,0.0,0.0,1.0,1.0,3.0,1,1,cleveland,279,processed.cleveland.data
58.0,0.0,4.0,130.0,197.0,0.0,0.0,131.0,0.0,0.6,2.0,0.0,3.0,0,0,cleveland,280,processed.cleveland.data
57.0,1.0,4.0,110.0,335.0,0.0,0.0,143.0,1.0,3.0,2.0,1.0,7.0,2,1,cleveland,281,processed.cleveland.data
47.0,1.0,3.0,130.0,253.0,0.0,0.0,179.0,0.0,0.0,1.0,0.0,3.0,0,0,cleveland,282,processed.cleveland.data
55.0,0.0,4.0,128.0,205.0,0.0,1.0,130.0,1.0,2.0,2.0,1.0,7.0,3,1,cleveland,283,processed.cleveland.data
35.0,1.0,2.0,122.0,192.0,0.0,0.0,174.0,0.0,0.0,1.0,0.0,3.0,0,0,cleveland,284,processed.cleveland.data
61.0,1.0,4.0,148.0,203.0,0.0,0.0,161.0,0.0,0.0,1.0,1.0,7.0,2,1,cleveland,285,processed.cleveland.data
58.0,1.0,4.0,114.0,318.0,0.0,1.0,140.0,0.0,4.4,3.0,3.0,6.0,4,1,cleveland,286,processed.cleveland.data
58.0,0.0,4.0,170.0,225.0,1.0,2.0,146.0,1.0,2.8,2.0,2.0,6.0,2,1,cleveland,287,processed.cleveland.data
58.0,1.0,2.0,125.0,220.0,0.0,0.0,144.0,0.0,0.4,2.0,,7.0,0,0,cleveland,288,processed.cleveland.data
56.0,1.0,2.0,130.0,221.0,0.0,2.0,163.0,0.0,0.0,1.0,0.0,7.0,0,0,cleveland,289,processed.cleveland.data
56.0,1.0,2.0,120.0,240.0,0.0,0.0,169.0,0.0,0.0,3.0,0.0,3.0,0,0,cleveland,290,processed.cleveland.data
67.0,1.0,3.0,152.0,212.0,0.0,2.0,150.0,0.0,0.8,2.0,0.0,7.0,1,1,cleveland,291,processed.cleveland.data
55.0,0.0,2.0,132.0,342.0,0.0,0.0,166.0,0.0,1.2,1.0,0.0,3.0,0,0,cleveland,292,processed.cleveland.data
44.0,1.0,4.0,120.0,169.0,0.0,0.0,144.0,1.0,2.8,3.0,0.0,6.0,2,1,cleveland,293,processed.cleveland.data
63.0,1.0,4.0,140.0,187.0,0.0,2.0,144.0,1.0,4.0,1.0,2.0,7.0,2,1,cleveland,294,processed.cleveland.data
63.0,0.0,4.0,124.0,197.0,0.0,0.0,136.0,1.0,0.0,2.0,0.0,3.0,1,1,cleveland,295,processed.cleveland.data
41.0,1.0,2.0,120.0,157.0,0.0,0.0,182.0,0.0,0.0,1.0,0.0,3.0,0,0,cleveland,296,processed.cleveland.data
59.0,1.0,4.0,164.0,176.0,1.0,2.0,90.0,0.0,1.0,2.0,2.0,6.0,3,1,cleveland,297,processed.cleveland.data
57.0,0.0,4.0,140.0,241.0,0.0,0.0,123.0,1.0,0.2,2.0,0.0,7.0,1,1,cleveland,298,processed.cleveland.data
45.0,1.0,1.0,110.0,264.0,0.0,0.0,132.0,0.0,1.2,2.0,0.0,7.0,1,1,cleveland,299,processed.cleveland.data
68.0,1.0,4.0,144.0,193.0,1.0,0.0,141.0,0.0,3.4,2.0,2.0,7.0,2,1,cleveland,300,processed.cleveland.data
57.0,1.0,4.0,130.0,131.0,0.0,0.0,115.0,1.0,1.2,2.0,1.0,7.0,3,1,cleveland,301,processed.cleveland.data
57.0,0.0,2.0,130.0,236.0,0.0,2.0,174.0,0.0,0.0,2.0,1.0,3.0,1,1,cleveland,302,processed.cleveland.data
38.0,1.0,3.0,138.0,175.0,0.0,0.0,173.0,0.0,0.0,1.0,,3.0,0,0,cleveland,303,processed.cleveland.data
28.0,1.0,2.0,130.0,132.0,0.0,2.0,185.0,0.0,0.0,,,,0,0,hungary,1,processed.hungarian.data
29.0,1.0,2.0,120.0,243.0,0.0,0.0,160.0,0.0,0.0,,,,0,0,hungary,2,processed.hungarian.data
29.0,1.0,2.0,140.0,,0.0,0.0,170.0,0.0,0.0,,,,0,0,hungary,3,processed.hungarian.data
30.0,0.0,1.0,170.0,237.0,0.0,1.0,170.0,0.0,0.0,,,6.0,0,0,hungary,4,processed.hungarian.data
31.0,0.0,2.0,100.0,219.0,0.0,1.0,150.0,0.0,0.0,,,,0,0,hungary,5,processed.hungarian.data
32.0,0.0,2.0,105.0,198.0,0.0,0.0,165.0,0.0,0.0,,,,0,0,hungary,6,processed.hungarian.data
32.0,1.0,2.0,110.0,225.0,0.0,0.0,184.0,0.0,0.0,,,,0,0,hungary,7,processed.hungarian.data
32.0,1.0,2.0,125.0,254.0,0.0,0.0,155.0,0.0,0.0,,,,0,0,hungary,8,processed.hungarian.data
33.0,1.0,3.0,120.0,298.0,0.0,0.0,185.0,0.0,0.0,,,,0,0,hungary,9,processed.hungarian.data
34.0,0.0,2.0,130.0,161.0,0.0,0.0,190.0,0.0,0.0,,,,0,0,hungary,10,processed.hungarian.data
34.0,1.0,2.0,150.0,214.0,0.0,1.0,168.0,0.0,0.0,,,,0,0,hungary,11,processed.hungarian.data
34.0,1.0,2.0,98.0,220.0,0.0,0.0,150.0,0.0,0.0,,,,0,0,hungary,12,processed.hungarian.data
35.0,0.0,1.0,120.0,160.0,0.0,1.0,185.0,0.0,0.0,,,,0,0,hungary,13,processed.hungarian.data
35.0,0.0,4.0,140.0,167.0,0.0,0.0,150.0,0.0,0.0,,,,0,0,hungary,14,processed.hungarian.data
35.0,1.0,2.0,120.0,308.0,0.0,2.0,180.0,0.0,0.0,,,,0,0,hungary,15,processed.hungarian.data
35.0,1.0,2.0,150.0,264.0,0.0,0.0,168.0,0.0,0.0,,,,0,0,hungary,16,processed.hungarian.data
36.0,1.0,2.0,120.0,166.0,0.0,0.0,180.0,0.0,0.0,,,,0,0,hungary,17,processed.hungarian.data
36.0,1.0,3.0,112.0,340.0,0.0,0.0,184.0,0.0,1.0,2.0,,3.0,0,0,hungary,18,processed.hungarian.data
36.0,1.0,3.0,130.0,209.0,0.0,0.0,178.0,0.0,0.0,,,,0,0,hungary,19,processed.hungarian.data
36.0,1.0,3.0,150.0,160.0,0.0,0.0,172.0,0.0,0.0,,,,0,0,hungary,20,processed.hungarian.data
37.0,0.0,2.0,120.0,260.0,0.0,0.0,130.0,0.0,0.0,,,,0,0,hungary,21,processed.hungarian.data
37.0,0.0,3.0,130.0,211.0,0.0,0.0,142.0,0.0,0.0,,,,0,0,hungary,22,processed.hungarian.data
37.0,0.0,4.0,130.0,173.0,0.0,1.0,184.0,0.0,0.0,,,,0,0,hungary,23,processed.hungarian.data
37.0,1.0,2.0,130.0,283.0,0.0,1.0,98.0,0.0,0.0,,,,0,0,hungary,24,processed.hungarian.data
37.0,1.0,3.0,130.0,194.0,0.0,0.0,150.0,0.0,0.0,,,,0,0,hungary,25,processed.hungarian.data
37.0,1.0,4.0,120.0,223.0,0.0,0.0,168.0,0.0,0.0,,,3.0,0,0,hungary,26,processed.hungarian.data
37.0,1.0,4.0,130.0,315.0,0.0,0.0,158.0,0.0,0.0,,,,0,0,hungary,27,processed.hungarian.data
38.0,0.0,2.0,120.0,275.0,,0.0,129.0,0.0,0.0,,,,0,0,hungary,28,processed.hungarian.data
38.0,1.0,2.0,140.0,297.0,0.0,0.0,150.0,0.0,0.0,,,,0,0,hungary,29,processed.hungarian.data
38.0,1.0,3.0,145.0,292.0,0.0,0.0,130.0,0.0,0.0,,,,0,0,hungary,30,processed.hungarian.data
39.0,0.0,3.0,110.0,182.0,0.0,1.0,180.0,0.0,0.0,,,,0,0,hungary,31,processed.hungarian.data
39.0,1.0,2.0,120.0,,0.0,1.0,146.0,0.0,2.0,1.0,,,0,0,hungary,32,processed.hungarian.data
39.0,1.0,2.0,120.0,200.0,0.0,0.0,160.0,1.0,1.0,2.0,,,0,0,hungary,33,processed.hungarian.data
39.0,1.0,2.0,120.0,204.0,0.0,0.0,145.0,0.0,0.0,,,,0,0,hungary,34,processed.hungarian.data
39.0,1.0,2.0,130.0,,0.0,0.0,120.0,0.0,0.0,,,,0,0,hungary,35,processed.hungarian.data
39.0,1.0,2.0,190.0,241.0,0.0,0.0,106.0,0.0,0.0,,,,0,0,hungary,36,processed.hungarian.data
39.0,1.0,3.0,120.0,339.0,0.0,0.0,170.0,0.0,0.0,,,,0,0,hungary,37,processed.hungarian.data
39.0,1.0,3.0,160.0,147.0,1.0,0.0,160.0,0.0,0.0,,,,0,0,hungary,38,processed.hungarian.data
39.0,1.0,4.0,110.0,273.0,0.0,0.0,132.0,0.0,0.0,,,,0,0,hungary,39,processed.hungarian.data
39.0,1.0,4.0,130.0,307.0,0.0,0.0,140.0,0.0,0.0,,,,0,0,hungary,40,processed.hungarian.data
40.0,1.0,2.0,130.0,275.0,0.0,0.0,150.0,0.0,0.0,,,,0,0,hungary,41,processed.hungarian.data
40.0,1.0,2.0,140.0,289.0,0.0,0.0,172.0,0.0,0.0,,,,0,0,hungary,42,processed.hungarian.data
40.0,1.0,3.0,130.0,215.0,0.0,0.0,138.0,0.0,0.0,,,,0,0,hungary,43,processed.hungarian.data
40.0,1.0,3.0,130.0,281.0,0.0,0.0,167.0,0.0,0.0,,,,0,0,hungary,44,processed.hungarian.data
40.0,1.0,3.0,140.0,,0.0,0.0,188.0,0.0,0.0,,,,0,0,hungary,45,processed.hungarian.data
41.0,0.0,2.0,110.0,250.0,0.0,1.0,142.0,0.0,0.0,,,,0,0,hungary,46,processed.hungarian.data
41.0,0.0,2.0,125.0,184.0,0.0,0.0,180.0,0.0,0.0,,,,0,0,hungary,47,processed.hungarian.data
41.0,0.0,2.0,130.0,245.0,0.0,0.0,150.0,0.0,0.0,,,,0,0,hungary,48,processed.hungarian.data
41.0,1.0,2.0,120.0,291.0,0.0,1.0,160.0,0.0,0.0,,,,0,0,hungary,49,processed.hungarian.data
41.0,1.0,2.0,120.0,295.0,0.0,0.0,170.0,0.0,0.0,,,,0,0,hungary,50,processed.hungarian.data
41.0,1.0,2.0,125.0,269.0,0.0,0.0,144.0,0.0,0.0,,,,0,0,hungary,51,processed.hungarian.data
41.0,1.0,4.0,112.0,250.0,0.0,0.0,142.0,0.0,0.0,,,,0,0,hungary,52,processed.hungarian.data
42.0,0.0,3.0,115.0,211.0,0.0,1.0,137.0,0.0,0.0,,,,0,0,hungary,53,processed.hungarian.data
42.0,1.0,2.0,120.0,196.0,0.0,0.0,150.0,0.0,0.0,,,,0,0,hungary,54,processed.hungarian.data
42.0,1.0,2.0,120.0,198.0,0.0,0.0,155.0,0.0,0.0,,,,0,0,hungary,55,processed.hungarian.data
42.0,1.0,2.0,150.0,268.0,0.0,0.0,136.0,0.0,0.0,,,,0,0,hungary,56,processed.hungarian.data
42.0,1.0,3.0,120.0,228.0,0.0,0.0,152.0,1.0,1.5,2.0,,,0,0,hungary,57,processed.hungarian.data
42.0,1.0,3.0,160.0,147.0,0.0,0.0,146.0,0.0,0.0,,,,0,0,hungary,58,processed.hungarian.data
42.0,1.0,4.0,140.0,358.0,0.0,0.0,170.0,0.0,0.0,,,,0,0,hungary,59,processed.hungarian.data
43.0,0.0,1.0,100.0,223.0,0.0,0.0,142.0,0.0,0.0,,,,0,0,hungary,60,processed.hungarian.data
43.0,0.0,2.0,120.0,201.0,0.0,0.0,165.0,0.0,0.0,,,,0,0,hungary,61,processed.hungarian.data
43.0,0.0,2.0,120.0,215.0,0.0,1.0,175.0,0.0,0.0,,,,0,0,hungary,62,processed.hungarian.data
43.0,0.0,2.0,120.0,249.0,0.0,1.0,176.0,0.0,0.0,,,,0,0,hungary,63,processed.hungarian.data
43.0,0.0,2.0,120.0,266.0,0.0,0.0,118.0,0.0,0.0,,,,0,0,hungary,64,processed.hungarian.data
43.0,0.0,2.0,150.0,186.0,0.0,0.0,154.0,0.0,0.0,,,,0,0,hungary,65,processed.hungarian.data
43.0,0.0,3.0,150.0,,0.0,0.0,175.0,0.0,0.0,,,3.0,0,0,hungary,66,processed.hungarian.data
43.0,1.0,2.0,142.0,207.0,0.0,0.0,138.0,0.0,0.0,,,,0,0,hungary,67,processed.hungarian.data
44.0,0.0,4.0,120.0,218.0,0.0,1.0,115.0,0.0,0.0,,,,0,0,hungary,68,processed.hungarian.data
44.0,1.0,2.0,120.0,184.0,0.0,0.0,142.0,0.0,1.0,2.0,,,0,0,hungary,69,processed.hungarian.data
44.0,1.0,2.0,130.0,215.0,0.0,0.0,135.0,0.0,0.0,,,,0,0,hungary,70,processed.hungarian.data
44.0,1.0,4.0,150.0,412.0,0.0,0.0,170.0,0.0,0.0,,,,0,0,hungary,71,processed.hungarian.data
45.0,0.0,2.0,130.0,237.0,0.0,0.0,170.0,0.0,0.0,,,,0,0,hungary,72,processed.hungarian.data
45.0,0.0,2.0,180.0,,0.0,0.0,180.0,0.0,0.0,,,,0,0,hungary,73,processed.hungarian.data
45.0,0.0,4.0,132.0,297.0,0.0,0.0,144.0,0.0,0.0,,,,0,0,hungary,74,processed.hungarian.data
45.0,1.0,2.0,140.0,224.0,1.0,0.0,122.0,0.0,0.0,,,,0,0,hungary,75,processed.hungarian.data
45.0,1.0,3.0,135.0,,0.0,0.0,110.0,0.0,0.0,,,,0,0,hungary,76,processed.hungarian.data
45.0,1.0,4.0,120.0,225.0,0.0,0.0,140.0,0.0,0.0,,,,0,0,hungary,77,processed.hungarian.data
45.0,1.0,4.0,140.0,224.0,0.0,0.0,144.0,0.0,0.0,,,,0,0,hungary,78,processed.hungarian.data
46.0,0.0,4.0,130.0,238.0,0.0,0.0,90.0,0.0,0.0,,,,0,0,hungary,79,processed.hungarian.data
46.0,1.0,2.0,140.0,275.0,0.0,0.0,165.0,1.0,0.0,,,,0,0,hungary,80,processed.hungarian.data
46.0,1.0,3.0,120.0,230.0,0.0,0.0,150.0,0.0,0.0,,,,0,0,hungary,81,processed.hungarian.data
46.0,1.0,3.0,150.0,163.0,,0.0,116.0,0.0,0.0,,,,0,0,hungary,82,processed.hungarian.data
46.0,1.0,4.0,110.0,238.0,0.0,1.0,140.0,1.0,1.0,2.0,,3.0,0,0,hungary,83,processed.hungarian.data
46.0,1.0,4.0,110.0,240.0,0.0,1.0,140.0,0.0,0.0,,,3.0,0,0,hungary,84,processed.hungarian.data
46.0,1.0,4.0,180.0,280.0,0.0,1.0,120.0,0.0,0.0,,,,0,0,hungary,85,processed.hungarian.data
47.0,0.0,2.0,140.0,257.0,0.0,0.0,135.0,0.0,1.0,1.0,,,0,0,hungary,86,processed.hungarian.data
47.0,0.0,3.0,130.0,,0.0,0.0,145.0,0.0,2.0,2.0,,,0,0,hungary,87,processed.hungarian.data
47.0,1.0,1.0,110.0,249.0,0.0,0.0,150.0,0.0,0.0,,,,0,0,hungary,88,processed.hungarian.data
47.0,1.0,2.0,160.0,263.0,0.0,0.0,174.0,0.0,0.0,,,,0,0,hungary,89,processed.hungarian.data
47.0,1.0,4.0,140.0,276.0,1.0,0.0,125.0,1.0,0.0,,,,0,0,hungary,90,processed.hungarian.data
48.0,0.0,2.0,,308.0,0.0,1.0,,,2.0,1.0,,,0,0,hungary,91,processed.hungarian.data
48.0,0.0,2.0,120.0,,1.0,1.0,148.0,0.0,0.0,,,,0,0,hungary,92,processed.hungarian.data
48.0,0.0,2.0,120.0,284.0,0.0,0.0,120.0,0.0,0.0,,,,0,0,hungary,93,processed.hungarian.data
48.0,0.0,3.0,120.0,195.0,0.0,0.0,125.0,0.0,0.0,,,,0,0,hungary,94,processed.hungarian.data
48.0,0.0,4.0,108.0,163.0,0.0,0.0,175.0,0.0,2.0,1.0,,,0,0,hungary,95,processed.hungarian.data
48.0,0.0,4.0,120.0,254.0,0.0,1.0,110.0,0.0,0.0,,,,0,0,hungary,96,processed.hungarian.data
48.0,0.0,4.0,150.0,227.0,0.0,0.0,130.0,1.0,1.0,2.0,,,0,0,hungary,97,processed.hungarian.data
48.0,1.0,2.0,100.0,,0.0,0.0,100.0,0.0,0.0,,,,0,0,hungary,98,processed.hungarian.data
48.0,1.0,2.0,130.0,245.0,0.0,0.0,160.0,0.0,0.0,,,,0,0,hungary,99,processed.hungarian.data
48.0,1.0,2.0,140.0,238.0,0.0,0.0,118.0,0.0,0.0,,,,0,0,hungary,100,processed.hungarian.data
48.0,1.0,3.0,110.0,211.0,0.0,0.0,138.0,0.0,0.0,,,6.0,0,0,hungary,101,processed.hungarian.data
49.0,0.0,2.0,110.0,,0.0,0.0,160.0,0.0,0.0,,,,0,0,hungary,102,processed.hungarian.data
49.0,0.0,2.0,110.0,,0.0,0.0,160.0,0.0,0.0,,,,0,0,hungary,103,processed.hungarian.data
49.0,0.0,2.0,124.0,201.0,0.0,0.0,164.0,0.0,0.0,,,,0,0,hungary,104,processed.hungarian.data
49.0,0.0,3.0,130.0,207.0,0.0,1.0,135.0,0.0,0.0,,,,0,0,hungary,105,processed.hungarian.data
49.0,1.0,2.0,100.0,253.0,0.0,0.0,174.0,0.0,0.0,,,,0,0,hungary,106,processed.hungarian.data
49.0,1.0,3.0,140.0,187.0,0.0,0.0,172.0,0.0,0.0,,,,0,0,hungary,107,processed.hungarian.data
49.0,1.0,4.0,120.0,297.0,,0.0,132.0,0.0,1.0,2.0,,,0,0,hungary,108,processed.hungarian.data
49.0,1.0,4.0,140.0,,0.0,0.0,130.0,0.0,0.0,,,,0,0,hungary,109,processed.hungarian.data
50.0,0.0,2.0,110.0,202.0,0.0,0.0,145.0,0.0,0.0,,,,0,0,hungary,110,processed.hungarian.data
50.0,0.0,4.0,120.0,328.0,0.0,0.0,110.0,1.0,1.0,2.0,,,0,0,hungary,111,processed.hungarian.data
50.0,1.0,2.0,120.0,168.0,0.0,0.0,160.0,0.0,0.0,,0.0,,0,0,hungary,112,processed.hungarian.data
50.0,1.0,2.0,140.0,216.0,0.0,0.0,170.0,0.0,0.0,,,3.0,0,0,hungary,113,processed.hungarian.data
50.0,1.0,2.0,170.0,209.0,0.0,1.0,116.0,0.0,0.0,,,,0,0,hungary,114,processed.hungarian.data
50.0,1.0,4.0,140.0,129.0,0.0,0.0,135.0,0.0,0.0,,,,0,0,hungary,115,processed.hungarian.data
50.0,1.0,4.0,150.0,215.0,0.0,0.0,140.0,1.0,0.0,,,,0,0,hungary,116,processed.hungarian.data
51.0,0.0,2.0,160.0,194.0,0.0,0.0,170.0,0.0,0.0,,,,0,0,hungary,117,processed.hungarian.data
51.0,0.0,3.0,110.0,190.0,0.0,0.0,120.0,0.0,0.0,,,,0,0,hungary,118,processed.hungarian.data
51.0,0.0,3.0,130.0,220.0,0.0,0.0,160.0,1.0,2.0,1.0,,,0,0,hungary,119,processed.hungarian.data
51.0,0.0,3.0,150.0,200.0,0.0,0.0,120.0,0.0,0.5,1.0,,,0,0,hungary,120,processed.hungarian.data
51.0,1.0,2.0,125.0,188.0,0.0,0.0,145.0,0.0,0.0,,,,0,0,hungary,121,processed.hungarian.data
51.0,1.0,2.0,130.0,224.0,0.0,0.0,150.0,0.0,0.0,,,,0,0,hungary,122,processed.hungarian.data
51.0,1.0,4.0,130.0,179.0,0.0,0.0,100.0,0.0,0.0,,,7.0,0,0,hungary,123,processed.hungarian.data
52.0,0.0,2.0,120.0,210.0,0.0,0.0,148.0,0.0,0.0,,,,0,0,hungary,124,processed.hungarian.data
52.0,0.0,2.0,140.0,,0.0,0.0,140.0,0.0,0.0,,,,0,0,hungary,125,processed.hungarian.data
52.0,0.0,3.0,125.0,272.0,0.0,0.0,139.0,0.0,0.0,,,,0,0,hungary,126,processed.hungarian.data
52.0,0.0,4.0,130.0,180.0,0.0,0.0,140.0,1.0,1.5,2.0,,,0,0,hungary,127,processed.hungarian.data
52.0,1.0,2.0,120.0,284.0,0.0,0.0,118.0,0.0,0.0,,,,0,0,hungary,128,processed.hungarian.data
52.0,1.0,2.0,140.0,100.0,0.0,0.0,138.0,1.0,0.0,,,,0,0,hungary,129,processed.hungarian.data
52.0,1.0,2.0,160.0,196.0,0.0,0.0,165.0,0.0,0.0,,,,0,0,hungary,130,processed.hungarian.data
52.0,1.0,3.0,140.0,259.0,0.0,1.0,170.0,0.0,0.0,,,,0,0,hungary,131,processed.hungarian.data
53.0,0.0,2.0,113.0,468.0,,0.0,127.0,0.0,0.0,,,,0,0,hungary,132,processed.hungarian.data
53.0,0.0,2.0,140.0,216.0,0.0,0.0,142.0,1.0,2.0,2.0,,,0,0,hungary,133,processed.hungarian.data
53.0,0.0,3.0,120.0,274.0,0.0,0.0,130.0,0.0,0.0,,,,0,0,hungary,134,processed.hungarian.data
53.0,1.0,2.0,120.0,,0.0,0.0,132.0,0.0,0.0,,,,0,0,hungary,135,processed.hungarian.data
53.0,1.0,2.0,140.0,320.0,0.0,0.0,162.0,0.0,0.0,,,,0,0,hungary,136,processed.hungarian.data
53.0,1.0,3.0,120.0,195.0,0.0,0.0,140.0,0.0,0.0,,,,0,0,hungary,137,processed.hungarian.data
53.0,1.0,4.0,124.0,260.0,0.0,1.0,112.0,1.0,3.0,2.0,,,0,0,hungary,138,processed.hungarian.data
53.0,1.0,4.0,130.0,182.0,0.0,0.0,148.0,0.0,0.0,,,,0,0,hungary,139,processed.hungarian.data
53.0,1.0,4.0,140.0,243.0,0.0,0.0,155.0,0.0,0.0,,,,0,0,hungary,140,processed.hungarian.data
54.0,0.0,2.0,120.0,221.0,0.0,0.0,138.0,0.0,1.0,1.0,,,0,0,hungary,141,processed.hungarian.data
54.0,0.0,2.0,120.0,230.0,1.0,0.0,140.0,0.0,0.0,,,,0,0,hungary,142,processed.hungarian.data
54.0,0.0,2.0,120.0,273.0,0.0,0.0,150.0,0.0,1.5,2.0,,,0,0,hungary,143,processed.hungarian.data
54.0,0.0,2.0,130.0,253.0,0.0,1.0,155.0,0.0,0.0,,,,0,0,hungary,144,processed.hungarian.data
54.0,0.0,2.0,140.0,309.0,,1.0,140.0,0.0,0.0,,,,0,0,hungary,145,processed.hungarian.data
54.0,0.0,2.0,150.0,230.0,0.0,0.0,130.0,0.0,0.0,,,,0,0,hungary,146,processed.hungarian.data
54.0,0.0,2.0,160.0,312.0,0.0,0.0,130.0,0.0,0.0,,,,0,0,hungary,147,processed.hungarian.data
54.0,1.0,1.0,120.0,171.0,0.0,0.0,137.0,0.0,2.0,1.0,,,0,0,hungary,148,processed.hungarian.data
54.0,1.0,2.0,110.0,208.0,0.0,0.0,142.0,0.0,0.0,,,,0,0,hungary,149,processed.hungarian.data
54.0,1.0,2.0,120.0,238.0,0.0,0.0,154.0,0.0,0.0,,,,0,0,hungary,150,processed.hungarian.data
54.0,1.0,2.0,120.0,246.0,0.0,0.0,110.0,0.0,0.0,,,,0,0,hungary,151,processed.hungarian.data
54.0,1.0,2.0,160.0,195.0,0.0,1.0,130.0,0.0,1.0,1.0,,,0,0,hungary,152,processed.hungarian.data
54.0,1.0,2.0,160.0,305.0,0.0,0.0,175.0,0.0,0.0,,,,0,0,hungary,153,processed.hungarian.data
54.0,1.0,3.0,120.0,217.0,0.0,0.0,137.0,0.0,0.0,,,,0,0,hungary,154,processed.hungarian.data
54.0,1.0,3.0,150.0,,0.0,0.0,122.0,0.0,0.0,,,,0,0,hungary,155,processed.hungarian.data
54.0,1.0,4.0,150.0,365.0,0.0,1.0,134.0,0.0,1.0,1.0,,,0,0,hungary,156,processed.hungarian.data
55.0,0.0,2.0,110.0,344.0,0.0,1.0,160.0,0.0,0.0,,,,0,0,hungary,157,processed.hungarian.data
55.0,0.0,2.0,122.0,320.0,0.0,0.0,155.0,0.0,0.0,,,,0,0,hungary,158,processed.hungarian.data
55.0,0.0,2.0,130.0,394.0,0.0,2.0,150.0,0.0,0.0,,,,0,0,hungary,159,processed.hungarian.data
55.0,1.0,2.0,120.0,256.0,1.0,0.0,137.0,0.0,0.0,,,7.0,0,0,hungary,160,processed.hungarian.data
55.0,1.0,2.0,140.0,196.0,0.0,0.0,150.0,0.0,0.0,,,7.0,0,0,hungary,161,processed.hungarian.data
55.0,1.0,2.0,145.0,326.0,0.0,0.0,155.0,0.0,0.0,,,,0,0,hungary,162,processed.hungarian.data
55.0,1.0,3.0,110.0,277.0,0.0,0.0,160.0,0.0,0.0,,,,0,0,hungary,163,processed.hungarian.data
55.0,1.0,3.0,120.0,220.0,0.0,2.0,134.0,0.0,0.0,,,,0,0,hungary,164,processed.hungarian.data
55.0,1.0,4.0,120.0,270.0,0.0,0.0,140.0,0.0,0.0,,,,0,0,hungary,165,processed.hungarian.data
55.0,1.0,4.0,140.0,229.0,0.0,0.0,110.0,1.0,0.5,2.0,,,0,0,hungary,166,processed.hungarian.data
56.0,0.0,3.0,130.0,219.0,,1.0,164.0,0.0,0.0,,,7.0,0,0,hungary,167,processed.hungarian.data
56.0,1.0,2.0,130.0,184.0,0.0,0.0,100.0,0.0,0.0,,,,0,0,hungary,168,processed.hungarian.data
56.0,1.0,3.0,130.0,,0.0,0.0,114.0,0.0,0.0,,,,0,0,hungary,169,processed.hungarian.data
56.0,1.0,3.0,130.0,276.0,0.0,0.0,128.0,1.0,1.0,1.0,,6.0,0,0,hungary,170,processed.hungarian.data
56.0,1.0,4.0,120.0,85.0,0.0,0.0,140.0,0.0,0.0,,,,0,0,hungary,171,processed.hungarian.data
57.0,0.0,1.0,130.0,308.0,0.0,0.0,98.0,0.0,1.0,2.0,,,0,0,hungary,172,processed.hungarian.data
57.0,0.0,4.0,180.0,347.0,0.0,1.0,126.0,1.0,0.8,2.0,,,0,0,hungary,173,processed.hungarian.data
57.0,1.0,2.0,140.0,260.0,1.0,0.0,140.0,0.0,0.0,,,6.0,0,0,hungary,174,processed.hungarian.data
58.0,1.0,2.0,130.0,230.0,0.0,0.0,150.0,0.0,0.0,,,,0,0,hungary,175,processed.hungarian.data
58.0,1.0,2.0,130.0,251.0,0.0,0.0,110.0,0.0,0.0,,,,0,0,hungary,176,processed.hungarian.data
58.0,1.0,3.0,140.0,179.0,0.0,0.0,160.0,0.0,0.0,,,,0,0,hungary,177,processed.hungarian.data
58.0,1.0,4.0,135.0,222.0,0.0,0.0,100.0,0.0,0.0,,,,0,0,hungary,178,processed.hungarian.data
59.0,0.0,2.0,130.0,188.0,0.0,0.0,124.0,0.0,1.0,2.0,,,0,0,hungary,179,processed.hungarian.data
59.0,1.0,2.0,140.0,287.0,0.0,0.0,150.0,0.0,0.0,,,,0,0,hungary,180,processed.hungarian.data
59.0,1.0,3.0,130.0,318.0,0.0,0.0,120.0,1.0,1.0,2.0,,3.0,0,0,hungary,181,processed.hungarian.data
59.0,1.0,3.0,180.0,213.0,0.0,0.0,100.0,0.0,0.0,,,,0,0,hungary,182,processed.hungarian.data
59.0,1.0,4.0,140.0,,0.0,0.0,140.0,0.0,0.0,,0.0,,0,0,hungary,183,processed.hungarian.data
60.0,1.0,3.0,120.0,246.0,0.0,2.0,135.0,0.0,0.0,,,,0,0,hungary,184,processed.hungarian.data
61.0,0.0,4.0,130.0,294.0,0.0,1.0,120.0,1.0,1.0,2.0,,,0,0,hungary,185,processed.hungarian.data
61.0,1.0,4.0,125.0,292.0,0.0,1.0,115.0,1.0,0.0,,,,0,0,hungary,186,processed.hungarian.data
62.0,0.0,1.0,160.0,193.0,0.0,0.0,116.0,0.0,0.0,,,,0,0,hungary,187,processed.hungarian.data
62.0,1.0,2.0,140.0,271.0,0.0,0.0,152.0,0.0,1.0,1.0,,,0,0,hungary,188,processed.hungarian.data
31.0,1.0,4.0,120.0,270.0,0.0,0.0,153.0,1.0,1.5,2.0,,,1,1,hungary,189,processed.hungarian.data
33.0,0.0,4.0,100.0,246.0,0.0,0.0,150.0,1.0,1.0,2.0,,,1,1,hungary,190,processed.hungarian.data
34.0,1.0,1.0,140.0,156.0,0.0,0.0,180.0,0.0,0.0,,,,1,1,hungary,191,processed.hungarian.data
35.0,1.0,2.0,110.0,257.0,0.0,0.0,140.0,0.0,0.0,,,,1,1,hungary,192,processed.hungarian.data
36.0,1.0,2.0,120.0,267.0,0.0,0.0,160.0,0.0,3.0,2.0,,,1,1,hungary,193,processed.hungarian.data
37.0,1.0,4.0,140.0,207.0,0.0,0.0,130.0,1.0,1.5,2.0,,,1,1,hungary,194,processed.hungarian.data
38.0,1.0,4.0,110.0,196.0,0.0,0.0,166.0,0.0,0.0,,,,1,1,hungary,195,processed.hungarian.data
38.0,1.0,4.0,120.0,282.0,0.0,0.0,170.0,0.0,0.0,,,,1,1,hungary,196,processed.hungarian.data
38.0,1.0,4.0,92.0,117.0,0.0,0.0,134.0,1.0,2.5,2.0,,,1,1,hungary,197,processed.hungarian.data
40.0,1.0,4.0,120.0,466.0,,0.0,152.0,1.0,1.0,2.0,,6.0,1,1,hungary,198,processed.hungarian.data
41.0,1.0,4.0,110.0,289.0,0.0,0.0,170.0,0.0,0.0,,,6.0,1,1,hungary,199,processed.hungarian.data
41.0,1.0,4.0,120.0,237.0,,0.0,138.0,1.0,1.0,2.0,,,1,1,hungary,200,processed.hungarian.data
43.0,1.0,4.0,150.0,247.0,0.0,0.0,130.0,1.0,2.0,2.0,,,1,1,hungary,201,processed.hungarian.data
46.0,1.0,4.0,110.0,202.0,0.0,0.0,150.0,1.0,0.0,,,,1,1,hungary,202,processed.hungarian.data
46.0,1.0,4.0,118.0,186.0,0.0,0.0,124.0,0.0,0.0,,,7.0,1,1,hungary,203,processed.hungarian.data
46.0,1.0,4.0,120.0,277.0,0.0,0.0,125.0,1.0,1.0,2.0,,,1,1,hungary,204,processed.hungarian.data
47.0,1.0,3.0,140.0,193.0,0.0,0.0,145.0,1.0,1.0,2.0,,,1,1,hungary,205,processed.hungarian.data
47.0,1.0,4.0,150.0,226.0,0.0,0.0,98.0,1.0,1.5,2.0,0.0,7.0,1,1,hungary,206,processed.hungarian.data
48.0,1.0,4.0,106.0,263.0,1.0,0.0,110.0,0.0,0.0,,,,1,1,hungary,207,processed.hungarian.data
48.0,1.0,4.0,120.0,260.0,0.0,0.0,115.0,0.0,2.0,2.0,,,1,1,hungary,208,processed.hungarian.data
48.0,1.0,4.0,160.0,268.0,0.0,0.0,103.0,1.0,1.0,2.0,,,1,1,hungary,209,processed.hungarian.data
49.0,0.0,3.0,160.0,180.0,0.0,0.0,156.0,0.0,1.0,2.0,,,1,1,hungary,210,processed.hungarian.data
49.0,1.0,3.0,115.0,265.0,0.0,0.0,175.0,0.0,0.0,,,,1,1,hungary,211,processed.hungarian.data
49.0,1.0,4.0,130.0,206.0,0.0,0.0,170.0,0.0,0.0,,,,1,1,hungary,212,processed.hungarian.data
50.0,0.0,3.0,140.0,288.0,0.0,0.0,140.0,1.0,0.0,,,7.0,1,1,hungary,213,processed.hungarian.data
50.0,1.0,4.0,145.0,264.0,0.0,0.0,150.0,0.0,0.0,,,,1,1,hungary,214,processed.hungarian.data
51.0,0.0,4.0,160.0,303.0,0.0,0.0,150.0,1.0,1.0,2.0,,,1,1,hungary,215,processed.hungarian.data
52.0,1.0,4.0,130.0,225.0,0.0,0.0,120.0,1.0,2.0,2.0,,,1,1,hungary,216,processed.hungarian.data
54.0,1.0,4.0,125.0,216.0,0.0,0.0,140.0,0.0,0.0,,,,1,1,hungary,217,processed.hungarian.data
54.0,1.0,4.0,125.0,224.0,0.0,0.0,122.0,0.0,2.0,2.0,,,1,1,hungary,218,processed.hungarian.data
55.0,1.0,4.0,140.0,201.0,0.0,0.0,130.0,1.0,3.0,2.0,,,1,1,hungary,219,processed.hungarian.data
57.0,1.0,2.0,140.0,265.0,0.0,1.0,145.0,1.0,1.0,2.0,,,1,1,hungary,220,processed.hungarian.data
58.0,1.0,3.0,130.0,213.0,0.0,1.0,140.0,0.0,0.0,,,6.0,1,1,hungary,221,processed.hungarian.data
59.0,0.0,4.0,130.0,338.0,1.0,1.0,130.0,1.0,1.5,2.0,,,1,1,hungary,222,processed.hungarian.data
60.0,1.0,4.0,100.0,248.0,0.0,0.0,125.0,0.0,1.0,2.0,,,1,1,hungary,223,processed.hungarian.data
63.0,1.0,4.0,150.0,223.0,0.0,0.0,115.0,0.0,0.0,,,,1,1,hungary,224,processed.hungarian.data
65.0,1.0,4.0,140.0,306.0,1.0,0.0,87.0,1.0,1.5,2.0,,,1,1,hungary,225,processed.hungarian.data
32.0,1.0,4.0,118.0,529.0,0.0,0.0,130.0,0.0,0.0,,,,1,1,hungary,226,processed.hungarian.data
38.0,1.0,4.0,110.0,,0.0,0.0,150.0,1.0,1.0,2.0,,,1,1,hungary,227,processed.hungarian.data
39.0,1.0,4.0,110.0,280.0,0.0,0.0,150.0,0.0,0.0,,,6.0,1,1,hungary,228,processed.hungarian.data
40.0,0.0,4.0,150.0,392.0,0.0,0.0,130.0,0.0,2.0,2.0,,6.0,1,1,hungary,229,processed.hungarian.data
43.0,1.0,1.0,120.0,291.0,0.0,1.0,155.0,0.0,0.0,,,,1,1,hungary,230,processed.hungarian.data
45.0,1.0,4.0,130.0,219.0,0.0,1.0,130.0,1.0,1.0,2.0,,,1,1,hungary,231,processed.hungarian.data
46.0,1.0,4.0,120.0,231.0,0.0,0.0,115.0,1.0,0.0,,,,1,1,hungary,232,processed.hungarian.data
46.0,1.0,4.0,130.0,222.0,0.0,0.0,112.0,0.0,0.0,,,,1,1,hungary,233,processed.hungarian.data
48.0,1.0,4.0,122.0,275.0,1.0,1.0,150.0,1.0,2.0,3.0,,,1,1,hungary,234,processed.hungarian.data
48.0,1.0,4.0,160.0,193.0,0.0,0.0,102.0,1.0,3.0,2.0,,,1,1,hungary,235,processed.hungarian.data
48.0,1.0,4.0,160.0,329.0,0.0,0.0,92.0,1.0,1.5,2.0,,,1,1,hungary,236,processed.hungarian.data
48.0,1.0,4.0,160.0,355.0,0.0,0.0,99.0,1.0,2.0,2.0,,,1,1,hungary,237,processed.hungarian.data
50.0,1.0,4.0,130.0,233.0,0.0,0.0,121.0,1.0,2.0,2.0,,7.0,1,1,hungary,238,processed.hungarian.data
52.0,1.0,4.0,120.0,182.0,0.0,0.0,150.0,0.0,0.0,,,,1,1,hungary,239,processed.hungarian.data
52.0,1.0,4.0,170.0,,0.0,0.0,126.0,1.0,1.5,2.0,,,1,1,hungary,240,processed.hungarian.data
53.0,1.0,4.0,120.0,246.0,0.0,0.0,116.0,1.0,0.0,,,,1,1,hungary,241,processed.hungarian.data
54.0,1.0,3.0,120.0,237.0,0.0,0.0,150.0,1.0,1.5,,,7.0,1,1,hungary,242,processed.hungarian.data
54.0,1.0,4.0,130.0,242.0,0.0,0.0,91.0,1.0,1.0,2.0,,,1,1,hungary,243,processed.hungarian.data
54.0,1.0,4.0,130.0,603.0,1.0,0.0,125.0,1.0,1.0,2.0,,,1,1,hungary,244,processed.hungarian.data
54.0,1.0,4.0,140.0,,0.0,0.0,118.0,1.0,0.0,,,,1,1,hungary,245,processed.hungarian.data
54.0,1.0,4.0,200.0,198.0,0.0,0.0,142.0,1.0,2.0,2.0,,,1,1,hungary,246,processed.hungarian.data
55.0,1.0,4.0,140.0,268.0,0.0,0.0,128.0,1.0,1.5,2.0,,,1,1,hungary,247,processed.hungarian.data
56.0,1.0,4.0,150.0,213.0,1.0,0.0,125.0,1.0,1.0,2.0,,,1,1,hungary,248,processed.hungarian.data
57.0,1.0,4.0,150.0,255.0,0.0,0.0,92.0,1.0,3.0,2.0,,,1,1,hungary,249,processed.hungarian.data
58.0,1.0,3.0,160.0,211.0,1.0,1.0,92.0,0.0,0.0,,,,1,1,hungary,250,processed.hungarian.data
58.0,1.0,4.0,130.0,263.0,0.0,0.0,140.0,1.0,2.0,2.0,,,1,1,hungary,251,processed.hungarian.data
41.0,1.0,4.0,130.0,172.0,0.0,1.0,130.0,0.0,2.0,2.0,,,1,1,hungary,252,processed.hungarian.data
43.0,1.0,4.0,120.0,175.0,0.0,0.0,120.0,1.0,1.0,2.0,,7.0,1,1,hungary,253,processed.hungarian.data
44.0,1.0,2.0,150.0,288.0,0.0,0.0,150.0,1.0,3.0,2.0,,,1,1,hungary,254,processed.hungarian.data
44.0,1.0,4.0,130.0,290.0,0.0,0.0,100.0,1.0,2.0,2.0,,,1,1,hungary,255,processed.hungarian.data
46.0,1.0,1.0,140.0,272.0,1.0,0.0,175.0,0.0,2.0,2.0,,,1,1,hungary,256,processed.hungarian.data
47.0,0.0,3.0,135.0,248.0,1.0,0.0,170.0,0.0,0.0,,,,1,1,hungary,257,processed.hungarian.data
48.0,0.0,4.0,138.0,214.0,0.0,0.0,108.0,1.0,1.5,2.0,,,1,1,hungary,258,processed.hungarian.data
49.0,1.0,4.0,130.0,341.0,0.0,0.0,120.0,1.0,1.0,2.0,,,1,1,hungary,259,processed.hungarian.data
49.0,1.0,4.0,140.0,234.0,0.0,0.0,140.0,1.0,1.0,2.0,,,1,1,hungary,260,processed.hungarian.data
51.0,1.0,3.0,135.0,160.0,0.0,0.0,150.0,0.0,2.0,2.0,,,1,1,hungary,261,processed.hungarian.data
52.0,1.0,4.0,112.0,342.0,0.0,1.0,96.0,1.0,1.0,2.0,,,1,1,hungary,262,processed.hungarian.data
52.0,1.0,4.0,130.0,298.0,0.0,0.0,110.0,1.0,1.0,2.0,,,1,1,hungary,263,processed.hungarian.data
52.0,1.0,4.0,140.0,404.0,0.0,0.0,124.0,1.0,2.0,2.0,,,1,1,hungary,264,processed.hungarian.data
52.0,1.0,4.0,160.0,246.0,0.0,1.0,82.0,1.0,4.0,2.0,,,1,1,hungary,265,processed.hungarian.data
53.0,1.0,3.0,145.0,518.0,0.0,0.0,130.0,0.0,0.0,,,,1,1,hungary,266,processed.hungarian.data
53.0,1.0,4.0,180.0,285.0,0.0,1.0,120.0,1.0,1.5,2.0,,,1,1,hungary,267,processed.hungarian.data
54.0,1.0,4.0,140.0,216.0,0.0,0.0,105.0,0.0,1.5,2.0,,,1,1,hungary,268,processed.hungarian.data
55.0,1.0,1.0,140.0,295.0,0.0,,136.0,0.0,0.0,,,,1,1,hungary,269,processed.hungarian.data
55.0,1.0,2.0,160.0,292.0,1.0,0.0,143.0,1.0,2.0,2.0,,,1,1,hungary,270,processed.hungarian.data
55.0,1.0,4.0,145.0,248.0,0.0,0.0,96.0,1.0,2.0,2.0,,,1,1,hungary,271,processed.hungarian.data
56.0,0.0,2.0,120.0,279.0,0.0,0.0,150.0,0.0,1.0,2.0,,,1,1,hungary,272,processed.hungarian.data
56.0,1.0,4.0,150.0,230.0,0.0,1.0,124.0,1.0,1.5,2.0,,,1,1,hungary,273,processed.hungarian.data
56.0,1.0,4.0,170.0,388.0,0.0,1.0,122.0,1.0,2.0,2.0,,,1,1,hungary,274,processed.hungarian.data
58.0,1.0,2.0,136.0,164.0,0.0,1.0,99.0,1.0,2.0,2.0,,,1,1,hungary,275,processed.hungarian.data
59.0,1.0,4.0,130.0,,0.0,0.0,125.0,0.0,0.0,,,,1,1,hungary,276,processed.hungarian.data
59.0,1.0,4.0,140.0,264.0,1.0,2.0,119.0,1.0,0.0,,,,1,1,hungary,277,processed.hungarian.data
65.0,1.0,4.0,170.0,263.0,1.0,0.0,112.0,1.0,2.0,2.0,,,1,1,hungary,278,processed.hungarian.data
66.0,1.0,4.0,140.0,,0.0,0.0,94.0,1.0,1.0,2.0,,,1,1,hungary,279,processed.hungarian.data
41.0,1.0,4.0,120.0,336.0,0.0,0.0,118.0,1.0,3.0,2.0,,,1,1,hungary,280,processed.hungarian.data
43.0,1.0,4.0,140.0,288.0,0.0,0.0,135.0,1.0,2.0,2.0,,,1,1,hungary,281,processed.hungarian.data
44.0,1.0,4.0,135.0,491.0,0.0,0.0,135.0,0.0,0.0,,,,1,1,hungary,282,processed.hungarian.data
47.0,0.0,4.0,120.0,205.0,0.0,0.0,98.0,1.0,2.0,2.0,,6.0,1,1,hungary,283,processed.hungarian.data
47.0,1.0,4.0,160.0,291.0,0.0,1.0,158.0,1.0,3.0,2.0,,,1,1,hungary,284,processed.hungarian.data
49.0,1.0,4.0,128.0,212.0,0.0,0.0,96.0,1.0,0.0,,,,1,1,hungary,285,processed.hungarian.data
49.0,1.0,4.0,150.0,222.0,0.0,0.0,122.0,0.0,2.0,2.0,,,1,1,hungary,286,processed.hungarian.data
50.0,1.0,4.0,140.0,231.0,0.0,1.0,140.0,1.0,5.0,2.0,,,1,1,hungary,287,processed.hungarian.data
50.0,1.0,4.0,140.0,341.0,0.0,1.0,125.0,1.0,2.5,2.0,,,1,1,hungary,288,processed.hungarian.data
52.0,1.0,4.0,140.0,266.0,0.0,0.0,134.0,1.0,2.0,2.0,,,1,1,hungary,289,processed.hungarian.data
52.0,1.0,4.0,160.0,331.0,0.0,0.0,94.0,1.0,2.5,,,,1,1,hungary,290,processed.hungarian.data
54.0,0.0,3.0,130.0,294.0,0.0,1.0,100.0,1.0,0.0,2.0,,,1,1,hungary,291,processed.hungarian.data
56.0,1.0,4.0,155.0,342.0,1.0,0.0,150.0,1.0,3.0,2.0,,,1,1,hungary,292,processed.hungarian.data
58.0,0.0,2.0,180.0,393.0,0.0,0.0,110.0,1.0,1.0,2.0,,7.0,1,1,hungary,293,processed.hungarian.data
65.0,1.0,4.0,130.0,275.0,0.0,1.0,115.0,1.0,1.0,2.0,,,1,1,hungary,294,processed.hungarian.data
32.0,1.0,1.0,95.0,0.0,,0.0,127.0,0.0,0.7,1.0,,,1,1,switzerland,1,processed.switzerland.data
34.0,1.0,4.0,115.0,0.0,,,154.0,0.0,0.2,1.0,,,1,1,switzerland,2,processed.switzerland.data
35.0,1.0,4.0,,0.0,,0.0,130.0,1.0,,,,7.0,3,1,switzerland,3,processed.switzerland.data
36.0,1.0,4.0,110.0,0.0,,0.0,125.0,1.0,1.0,2.0,,6.0,1,1,switzerland,4,processed.switzerland.data
38.0,0.0,4.0,105.0,0.0,,0.0,166.0,0.0,2.8,1.0,,,2,1,switzerland,5,processed.switzerland.data
38.0,0.0,4.0,110.0,0.0,0.0,0.0,156.0,0.0,0.0,2.0,,3.0,1,1,switzerland,6,processed.switzerland.data
38.0,1.0,3.0,100.0,0.0,,0.0,179.0,0.0,-1.1,1.0,,,0,0,switzerland,7,processed.switzerland.data
38.0,1.0,3.0,115.0,0.0,0.0,0.0,128.0,1.0,0.0,2.0,,7.0,1,1,switzerland,8,processed.switzerland.data
38.0,1.0,4.0,135.0,0.0,,0.0,150.0,0.0,0.0,,,3.0,2,1,switzerland,9,processed.switzerland.data
38.0,1.0,4.0,150.0,0.0,,0.0,120.0,1.0,,,,3.0,1,1,switzerland,10,processed.switzerland.data
40.0,1.0,4.0,95.0,0.0,,1.0,144.0,0.0,0.0,1.0,,,2,1,switzerland,11,processed.switzerland.data
41.0,1.0,4.0,125.0,0.0,,0.0,176.0,0.0,1.6,1.0,,,2,1,switzerland,12,processed.switzerland.data
42.0,1.0,4.0,105.0,0.0,,0.0,128.0,1.0,-1.5,3.0,,,1,1,switzerland,13,processed.switzerland.data
42.0,1.0,4.0,145.0,0.0,0.0,0.0,99.0,1.0,0.0,2.0,,,2,1,switzerland,14,processed.switzerland.data
43.0,1.0,4.0,100.0,0.0,,0.0,122.0,0.0,1.5,3.0,,,3,1,switzerland,15,processed.switzerland.data
43.0,1.0,4.0,115.0,0.0,0.0,0.0,145.0,1.0,2.0,2.0,,7.0,4,1,switzerland,16,processed.switzerland.data
43.0,1.0,4.0,140.0,0.0,0.0,1.0,140.0,1.0,0.5,1.0,,7.0,2,1,switzerland,17,processed.switzerland.data
45.0,1.0,3.0,110.0,0.0,,0.0,138.0,0.0,-0.1,1.0,,,0,0,switzerland,18,processed.switzerland.data
46.0,1.0,4.0,100.0,0.0,,1.0,133.0,0.0,-2.6,2.0,,,1,1,switzerland,19,processed.switzerland.data
46.0,1.0,4.0,115.0,0.0,0.0,0.0,113.0,1.0,1.5,2.0,,7.0,1,1,switzerland,20,processed.switzerland.data
47.0,1.0,3.0,110.0,0.0,,0.0,120.0,1.0,0.0,,,3.0,1,1,switzerland,21,processed.switzerland.data
47.0,1.0,3.0,155.0,0.0,0.0,0.0,118.0,1.0,1.0,2.0,,3.0,3,1,switzerland,22,processed.switzerland.data
47.0,1.0,4.0,110.0,0.0,,1.0,149.0,0.0,2.1,1.0,,,2,1,switzerland,23,processed.switzerland.data
47.0,1.0,4.0,160.0,0.0,0.0,0.0,124.0,1.0,0.0,2.0,,7.0,1,1,switzerland,24,processed.switzerland.data
48.0,1.0,4.0,115.0,0.0,,0.0,128.0,0.0,0.0,2.0,,6.0,2,1,switzerland,25,processed.switzerland.data
50.0,0.0,4.0,160.0,0.0,,0.0,110.0,0.0,0.0,,,3.0,1,1,switzerland,26,processed.switzerland.data
50.0,1.0,4.0,115.0,0.0,0.0,0.0,120.0,1.0,0.5,2.0,,6.0,3,1,switzerland,27,processed.switzerland.data
50.0,1.0,4.0,120.0,0.0,0.0,1.0,156.0,1.0,0.0,1.0,,6.0,3,1,switzerland,28,processed.switzerland.data
50.0,1.0,4.0,145.0,0.0,,0.0,139.0,1.0,0.7,2.0,,,1,1,switzerland,29,processed.switzerland.data
51.0,0.0,4.0,120.0,0.0,,0.0,127.0,1.0,1.5,1.0,,,2,1,switzerland,30,processed.switzerland.data
51.0,1.0,4.0,110.0,0.0,,0.0,92.0,0.0,0.0,2.0,,,4,1,switzerland,31,processed.switzerland.data
51.0,1.0,4.0,120.0,0.0,1.0,0.0,104.0,0.0,0.0,2.0,,3.0,3,1,switzerland,32,processed.switzerland.data
51.0,1.0,4.0,130.0,0.0,,0.0,170.0,0.0,-0.7,1.0,,,2,1,switzerland,33,processed.switzerland.data
51.0,1.0,4.0,130.0,0.0,,1.0,163.0,0.0,0.0,,,7.0,1,1,switzerland,34,processed.switzerland.data
51.0,1.0,4.0,140.0,0.0,0.0,0.0,60.0,0.0,0.0,2.0,,3.0,2,1,switzerland,35,processed.switzerland.data
51.0,1.0,4.0,95.0,0.0,,0.0,126.0,0.0,2.2,2.0,,,2,1,switzerland,36,processed.switzerland.data
52.0,1.0,4.0,130.0,0.0,,0.0,120.0,0.0,0.0,2.0,,7.0,2,1,switzerland,37,processed.switzerland.data
52.0,1.0,4.0,135.0,0.0,,0.0,128.0,1.0,2.0,2.0,,7.0,2,1,switzerland,38,processed.switzerland.data
52.0,1.0,4.0,165.0,0.0,,0.0,122.0,1.0,1.0,1.0,,7.0,2,1,switzerland,39,processed.switzerland.data
52.0,1.0,4.0,95.0,0.0,,0.0,82.0,1.0,,,,,2,1,switzerland,40,processed.switzerland.data
53.0,1.0,2.0,120.0,0.0,0.0,0.0,95.0,0.0,0.0,2.0,,3.0,3,1,switzerland,41,processed.switzerland.data
53.0,1.0,2.0,130.0,0.0,,1.0,120.0,0.0,0.7,3.0,,,0,0,switzerland,42,processed.switzerland.data
53.0,1.0,3.0,105.0,0.0,0.0,0.0,115.0,0.0,0.0,2.0,,7.0,1,1,switzerland,43,processed.switzerland.data
53.0,1.0,3.0,160.0,0.0,,2.0,122.0,1.0,0.0,,,7.0,1,1,switzerland,44,processed.switzerland.data
53.0,1.0,4.0,120.0,0.0,,0.0,120.0,0.0,0.0,2.0,,7.0,1,1,switzerland,45,processed.switzerland.data
53.0,1.0,4.0,125.0,0.0,,0.0,120.0,0.0,1.5,1.0,,,4,1,switzerland,46,processed.switzerland.data
53.0,1.0,4.0,130.0,0.0,0.0,2.0,135.0,1.0,1.0,2.0,,7.0,2,1,switzerland,47,processed.switzerland.data
53.0,1.0,4.0,80.0,0.0,,0.0,141.0,1.0,2.0,3.0,,,0,0,switzerland,48,processed.switzerland.data
54.0,1.0,4.0,120.0,0.0,0.0,0.0,155.0,0.0,0.0,2.0,,7.0,2,1,switzerland,49,processed.switzerland.data
54.0,1.0,4.0,130.0,0.0,,0.0,110.0,1.0,3.0,2.0,,7.0,3,1,switzerland,50,processed.switzerland.data
54.0,1.0,4.0,180.0,0.0,,0.0,150.0,0.0,1.5,2.0,,7.0,1,1,switzerland,51,processed.switzerland.data
55.0,1.0,2.0,140.0,0.0,,1.0,150.0,0.0,0.2,1.0,,,0,0,switzerland,52,processed.switzerland.data
55.0,1.0,4.0,115.0,0.0,,0.0,155.0,0.0,0.1,2.0,,,1,1,switzerland,53,processed.switzerland.data
55.0,1.0,4.0,120.0,0.0,0.0,1.0,92.0,0.0,0.3,1.0,,7.0,4,1,switzerland,54,processed.switzerland.data
55.0,1.0,4.0,140.0,0.0,0.0,0.0,83.0,0.0,0.0,2.0,,7.0,2,1,switzerland,55,processed.switzerland.data
56.0,1.0,3.0,120.0,0.0,0.0,0.0,97.0,0.0,0.0,2.0,,7.0,0,0,switzerland,56,processed.switzerland.data
56.0,1.0,3.0,125.0,0.0,,0.0,98.0,0.0,-2.0,2.0,,7.0,2,1,switzerland,57,processed.switzerland.data
56.0,1.0,3.0,155.0,0.0,0.0,1.0,99.0,0.0,0.0,2.0,,3.0,2,1,switzerland,58,processed.switzerland.data
56.0,1.0,4.0,115.0,0.0,,1.0,82.0,0.0,-1.0,1.0,,,1,1,switzerland,59,processed.switzerland.data
56.0,1.0,4.0,120.0,0.0,0.0,1.0,100.0,1.0,-1.0,3.0,,7.0,2,1,switzerland,60,processed.switzerland.data
56.0,1.0,4.0,120.0,0.0,0.0,1.0,148.0,0.0,0.0,2.0,,,2,1,switzerland,61,processed.switzerland.data
56.0,1.0,4.0,125.0,0.0,1.0,0.0,103.0,1.0,1.0,2.0,,7.0,3,1,switzerland,62,processed.switzerland.data
56.0,1.0,4.0,140.0,0.0,,0.0,121.0,1.0,1.8,1.0,,,1,1,switzerland,63,processed.switzerland.data
57.0,1.0,3.0,105.0,0.0,,0.0,148.0,0.0,0.3,2.0,,,1,1,switzerland,64,processed.switzerland.data
57.0,1.0,4.0,110.0,0.0,,1.0,131.0,1.0,1.4,1.0,1.0,,3,1,switzerland,65,processed.switzerland.data
57.0,1.0,4.0,140.0,0.0,0.0,0.0,120.0,1.0,2.0,2.0,,6.0,2,1,switzerland,66,processed.switzerland.data
57.0,1.0,4.0,140.0,0.0,,0.0,100.0,1.0,0.0,,,6.0,3,1,switzerland,67,processed.switzerland.data
57.0,1.0,4.0,160.0,0.0,,0.0,98.0,1.0,2.0,2.0,,7.0,2,1,switzerland,68,processed.switzerland.data
57.0,1.0,4.0,95.0,0.0,,0.0,182.0,0.0,0.7,3.0,,,1,1,switzerland,69,processed.switzerland.data
58.0,1.0,4.0,115.0,0.0,,0.0,138.0,0.0,0.5,1.0,,,1,1,switzerland,70,processed.switzerland.data
58.0,1.0,4.0,130.0,0.0,0.0,1.0,100.0,1.0,1.0,2.0,,6.0,4,1,switzerland,71,processed.switzerland.data
58.0,1.0,4.0,170.0,0.0,,1.0,105.0,1.0,0.0,,,3.0,1,1,switzerland,72,processed.switzerland.data
59.0,1.0,3.0,125.0,0.0,,0.0,175.0,0.0,2.6,2.0,,,1,1,switzerland,73,processed.switzerland.data
59.0,1.0,4.0,110.0,0.0,,0.0,94.0,0.0,0.0,,,6.0,3,1,switzerland,74,processed.switzerland.data
59.0,1.0,4.0,120.0,0.0,0.0,0.0,115.0,0.0,0.0,2.0,,3.0,2,1,switzerland,75,processed.switzerland.data
59.0,1.0,4.0,125.0,0.0,,0.0,119.0,1.0,0.9,1.0,,,1,1,switzerland,76,processed.switzerland.data
59.0,1.0,4.0,135.0,0.0,0.0,0.0,115.0,1.0,1.0,2.0,,7.0,1,1,switzerland,77,processed.switzerland.data
60.0,1.0,3.0,115.0,0.0,,0.0,143.0,0.0,2.4,1.0,,,1,1,switzerland,78,processed.switzerland.data
60.0,1.0,4.0,125.0,0.0,,0.0,110.0,0.0,0.1,1.0,2.0,,3,1,switzerland,79,processed.switzerland.data
60.0,1.0,4.0,130.0,0.0,,1.0,130.0,1.0,1.1,3.0,1.0,,1,1,switzerland,80,processed.switzerland.data
60.0,1.0,4.0,135.0,0.0,0.0,0.0,63.0,1.0,0.5,1.0,,7.0,3,1,switzerland,81,processed.switzerland.data
60.0,1.0,4.0,160.0,0.0,0.0,1.0,99.0,1.0,0.5,2.0,,7.0,3,1,switzerland,82,processed.switzerland.data
60.0,1.0,4.0,160.0,0.0,,0.0,149.0,0.0,0.4,2.0,,,1,1,switzerland,83,processed.switzerland.data
61.0,1.0,3.0,200.0,0.0,,1.0,70.0,0.0,0.0,,,3.0,3,1,switzerland,84,processed.switzerland.data
61.0,1.0,4.0,105.0,0.0,,0.0,110.0,1.0,1.5,1.0,,,1,1,switzerland,85,processed.switzerland.data
61.0,1.0,4.0,110.0,0.0,,0.0,113.0,0.0,1.4,2.0,,,1,1,switzerland,86,processed.switzerland.data
61.0,1.0,4.0,125.0,0.0,0.0,0.0,105.0,1.0,0.0,3.0,,7.0,3,1,switzerland,87,processed.switzerland.data
61.0,1.0,4.0,130.0,0.0,0.0,2.0,115.0,0.0,0.0,2.0,,7.0,3,1,switzerland,88,processed.switzerland.data
61.0,1.0,4.0,130.0,0.0,,0.0,77.0,0.0,2.5,2.0,,,3,1,switzerland,89,processed.switzerland.data
61.0,1.0,4.0,150.0,0.0,0.0,0.0,105.0,1.0,0.0,2.0,,7.0,1,1,switzerland,90,processed.switzerland.data
61.0,1.0,4.0,150.0,0.0,0.0,0.0,117.0,1.0,2.0,2.0,,7.0,2,1,switzerland,91,processed.switzerland.data
61.0,1.0,4.0,160.0,0.0,1.0,1.0,145.0,0.0,1.0,2.0,,7.0,2,1,switzerland,92,processed.switzerland.data
62.0,0.0,1.0,140.0,0.0,,0.0,143.0,0.0,0.0,,,3.0,2,1,switzerland,93,processed.switzerland.data
62.0,0.0,4.0,120.0,0.0,,1.0,123.0,1.0,1.7,3.0,,,1,1,switzerland,94,processed.switzerland.data
62.0,1.0,1.0,120.0,0.0,,2.0,134.0,0.0,-0.8,2.0,2.0,,1,1,switzerland,95,processed.switzerland.data
62.0,1.0,3.0,160.0,0.0,0.0,0.0,72.0,1.0,0.0,2.0,,3.0,3,1,switzerland,96,processed.switzerland.data
62.0,1.0,4.0,115.0,0.0,,0.0,128.0,1.0,2.5,3.0,,,2,1,switzerland,97,processed.switzerland.data
62.0,1.0,4.0,115.0,0.0,,0.0,72.0,1.0,-0.5,2.0,,3.0,1,1,switzerland,98,processed.switzerland.data
62.0,1.0,4.0,150.0,0.0,,1.0,78.0,0.0,2.0,2.0,,7.0,3,1,switzerland,99,processed.switzerland.data
63.0,1.0,4.0,100.0,0.0,,0.0,109.0,0.0,-0.9,2.0,,,1,1,switzerland,100,processed.switzerland.data
63.0,1.0,4.0,140.0,0.0,,2.0,149.0,0.0,2.0,1.0,,,2,1,switzerland,101,processed.switzerland.data
63.0,1.0,4.0,150.0,0.0,0.0,0.0,86.0,1.0,2.0,2.0,,,3,1,switzerland,102,processed.switzerland.data
63.0,1.0,4.0,150.0,0.0,,1.0,154.0,0.0,3.7,1.0,,,3,1,switzerland,103,processed.switzerland.data
63.0,1.0,4.0,185.0,0.0,0.0,0.0,98.0,1.0,0.0,1.0,,7.0,1,1,switzerland,104,processed.switzerland.data
64.0,0.0,4.0,200.0,0.0,0.0,0.0,140.0,1.0,1.0,2.0,,3.0,3,1,switzerland,105,processed.switzerland.data
64.0,0.0,4.0,95.0,0.0,,0.0,145.0,0.0,1.1,3.0,,,1,1,switzerland,106,processed.switzerland.data
64.0,1.0,4.0,110.0,0.0,,0.0,114.0,1.0,1.3,3.0,,,1,1,switzerland,107,processed.switzerland.data
65.0,1.0,4.0,115.0,0.0,0.0,0.0,93.0,1.0,0.0,2.0,,7.0,1,1,switzerland,108,processed.switzerland.data
65.0,1.0,4.0,145.0,0.0,,1.0,67.0,0.0,,,,6.0,3,1,switzerland,109,processed.switzerland.data
65.0,1.0,4.0,155.0,0.0,,0.0,154.0,0.0,1.0,1.0,,,0,0,switzerland,110,processed.switzerland.data
65.0,1.0,4.0,160.0,0.0,1.0,1.0,122.0,0.0,,,,7.0,3,1,switzerland,111,processed.switzerland.data
66.0,0.0,4.0,155.0,0.0,,0.0,90.0,0.0,0.0,,,7.0,1,1,switzerland,112,processed.switzerland.data
66.0,1.0,4.0,150.0,0.0,0.0,0.0,108.0,1.0,2.0,2.0,,7.0,3,1,switzerland,113,processed.switzerland.data
67.0,1.0,1.0,145.0,0.0,0.0,2.0,125.0,0.0,0.0,2.0,,3.0,2,1,switzerland,114,processed.switzerland.data
68.0,1.0,4.0,135.0,0.0,0.0,1.0,120.0,1.0,0.0,1.0,,7.0,3,1,switzerland,115,processed.switzerland.data
68.0,1.0,4.0,145.0,0.0,,0.0,136.0,0.0,1.8,1.0,,,1,1,switzerland,116,processed.switzerland.data
69.0,1.0,4.0,135.0,0.0,0.0,0.0,130.0,0.0,0.0,2.0,,6.0,1,1,switzerland,117,processed.switzerland.data
69.0,1.0,4.0,,0.0,0.0,1.0,,,,,,7.0,3,1,switzerland,118,processed.switzerland.data
70.0,1.0,4.0,115.0,0.0,0.0,1.0,92.0,1.0,0.0,2.0,,7.0,1,1,switzerland,119,processed.switzerland.data
70.0,1.0,4.0,140.0,0.0,1.0,0.0,157.0,1.0,2.0,2.0,,7.0,3,1,switzerland,120,processed.switzerland.data
72.0,1.0,3.0,160.0,0.0,,2.0,114.0,0.0,1.6,2.0,2.0,,0,0,switzerland,121,processed.switzerland.data
73.0,0.0,3.0,160.0,0.0,0.0,1.0,121.0,0.0,0.0,1.0,,3.0,1,1,switzerland,122,processed.switzerland.data
74.0,1.0,2.0,145.0,0.0,,1.0,123.0,0.0,1.3,1.0,,,1,1,switzerland,123,processed.switzerland.data
63.0,1.0,4.0,140.0,260.0,0.0,1.0,112.0,1.0,3.0,2.0,,,2,1,long_beach_va,1,processed.va.data
44.0,1.0,4.0,130.0,209.0,0.0,1.0,127.0,0.0,0.0,,,,0,0,long_beach_va,2,processed.va.data
60.0,1.0,4.0,132.0,218.0,0.0,1.0,140.0,1.0,1.5,3.0,,,2,1,long_beach_va,3,processed.va.data
55.0,1.0,4.0,142.0,228.0,0.0,1.0,149.0,1.0,2.5,1.0,,,1,1,long_beach_va,4,processed.va.data
66.0,1.0,3.0,110.0,213.0,1.0,2.0,99.0,1.0,1.3,2.0,,,0,0,long_beach_va,5,processed.va.data
66.0,1.0,3.0,120.0,0.0,0.0,1.0,120.0,0.0,-0.5,1.0,,,0,0,long_beach_va,6,processed.va.data
65.0,1.0,4.0,150.0,236.0,1.0,1.0,105.0,1.0,0.0,,,,3,1,long_beach_va,7,processed.va.data
60.0,1.0,3.0,180.0,0.0,0.0,1.0,140.0,1.0,1.5,2.0,,,0,0,long_beach_va,8,processed.va.data
60.0,1.0,3.0,120.0,0.0,,0.0,141.0,1.0,2.0,1.0,,,3,1,long_beach_va,9,processed.va.data
60.0,1.0,2.0,160.0,267.0,1.0,1.0,157.0,0.0,0.5,2.0,,,1,1,long_beach_va,10,processed.va.data
56.0,1.0,2.0,126.0,166.0,0.0,1.0,140.0,0.0,0.0,,,,0,0,long_beach_va,11,processed.va.data
59.0,1.0,4.0,140.0,0.0,0.0,1.0,117.0,1.0,1.0,2.0,,,1,1,long_beach_va,12,processed.va.data
62.0,1.0,4.0,110.0,0.0,0.0,0.0,120.0,1.0,0.5,2.0,,3.0,1,1,long_beach_va,13,processed.va.data
63.0,1.0,3.0,,0.0,0.0,2.0,,,,,,,1,1,long_beach_va,14,processed.va.data
57.0,1.0,4.0,128.0,0.0,1.0,1.0,148.0,1.0,1.0,2.0,,,1,1,long_beach_va,15,processed.va.data
62.0,1.0,4.0,120.0,220.0,0.0,1.0,86.0,0.0,0.0,,,,0,0,long_beach_va,16,processed.va.data
63.0,1.0,4.0,170.0,177.0,0.0,0.0,84.0,1.0,2.5,3.0,,,4,1,long_beach_va,17,processed.va.data
46.0,1.0,4.0,110.0,236.0,0.0,0.0,125.0,1.0,2.0,2.0,,,1,1,long_beach_va,18,processed.va.data
63.0,1.0,4.0,126.0,0.0,0.0,1.0,120.0,0.0,1.5,3.0,,,0,0,long_beach_va,19,processed.va.data
60.0,1.0,4.0,152.0,0.0,0.0,1.0,118.0,1.0,0.0,,,7.0,0,0,long_beach_va,20,processed.va.data
58.0,1.0,4.0,116.0,0.0,0.0,0.0,124.0,0.0,1.0,1.0,,,2,1,long_beach_va,21,processed.va.data
64.0,1.0,4.0,120.0,0.0,1.0,1.0,106.0,0.0,2.0,2.0,,,1,1,long_beach_va,22,processed.va.data
63.0,1.0,3.0,130.0,0.0,0.0,1.0,111.0,1.0,0.0,,,,3,1,long_beach_va,23,processed.va.data
74.0,1.0,3.0,,0.0,0.0,0.0,,,,,,,0,0,long_beach_va,24,processed.va.data
52.0,1.0,3.0,128.0,0.0,0.0,1.0,180.0,0.0,3.0,1.0,,,2,1,long_beach_va,25,processed.va.data
69.0,1.0,4.0,130.0,0.0,1.0,1.0,129.0,0.0,1.0,2.0,,6.0,2,1,long_beach_va,26,processed.va.data
51.0,1.0,4.0,,0.0,1.0,1.0,,,,,,,2,1,long_beach_va,27,processed.va.data
60.0,1.0,4.0,130.0,186.0,1.0,1.0,140.0,1.0,0.5,2.0,,,1,1,long_beach_va,28,processed.va.data
56.0,1.0,4.0,120.0,100.0,0.0,0.0,120.0,1.0,1.5,2.0,0.0,7.0,1,1,long_beach_va,29,processed.va.data
55.0,1.0,3.0,,228.0,0.0,1.0,,,,,,,3,1,long_beach_va,30,processed.va.data
54.0,1.0,4.0,,0.0,0.0,1.0,,,,,,,3,1,long_beach_va,31,processed.va.data
77.0,1.0,4.0,124.0,171.0,0.0,1.0,110.0,1.0,2.0,1.0,,,3,1,long_beach_va,32,processed.va.data
63.0,1.0,4.0,160.0,230.0,1.0,0.0,105.0,1.0,1.0,2.0,,,3,1,long_beach_va,33,processed.va.data
55.0,1.0,3.0,0.0,0.0,0.0,0.0,155.0,0.0,1.5,2.0,,,3,1,long_beach_va,34,processed.va.data
52.0,1.0,3.0,122.0,0.0,0.0,0.0,110.0,1.0,2.0,3.0,,,2,1,long_beach_va,35,processed.va.data
64.0,1.0,4.0,144.0,0.0,0.0,1.0,122.0,1.0,1.0,2.0,,,3,1,long_beach_va,36,processed.va.data
60.0,1.0,4.0,,281.0,0.0,1.0,,,,,,,2,1,long_beach_va,37,processed.va.data
60.0,1.0,4.0,120.0,0.0,0.0,0.0,133.0,1.0,2.0,1.0,,7.0,0,0,long_beach_va,38,processed.va.data
58.0,1.0,4.0,,203.0,1.0,0.0,,,,,,,1,1,long_beach_va,39,processed.va.data
59.0,1.0,4.0,154.0,0.0,0.0,1.0,131.0,1.0,1.5,,0.0,,0,0,long_beach_va,40,processed.va.data
61.0,1.0,3.0,120.0,0.0,0.0,0.0,80.0,1.0,0.0,2.0,,,3,1,long_beach_va,41,processed.va.data
40.0,1.0,4.0,125.0,0.0,1.0,0.0,165.0,0.0,0.0,,,7.0,1,1,long_beach_va,42,processed.va.data
61.0,1.0,4.0,,0.0,1.0,1.0,86.0,0.0,1.5,2.0,,7.0,3,1,long_beach_va,43,processed.va.data
41.0,1.0,4.0,104.0,0.0,0.0,1.0,111.0,0.0,0.0,,,,0,0,long_beach_va,44,processed.va.data
57.0,1.0,4.0,,277.0,1.0,1.0,,,,,,,4,1,long_beach_va,45,processed.va.data
63.0,1.0,4.0,136.0,0.0,0.0,0.0,84.0,1.0,0.0,,,7.0,2,1,long_beach_va,46,processed.va.data
59.0,1.0,4.0,122.0,233.0,0.0,0.0,117.0,1.0,1.3,3.0,,,1,1,long_beach_va,47,processed.va.data
51.0,1.0,4.0,128.0,0.0,0.0,0.0,107.0,0.0,0.0,,,,0,0,long_beach_va,48,processed.va.data
59.0,1.0,3.0,,0.0,0.0,0.0,128.0,1.0,2.0,3.0,,,2,1,long_beach_va,49,processed.va.data
42.0,1.0,3.0,134.0,240.0,,0.0,160.0,0.0,0.0,,,,0,0,long_beach_va,50,processed.va.data
55.0,1.0,3.0,120.0,0.0,0.0,1.0,125.0,1.0,2.5,2.0,,7.0,1,1,long_beach_va,51,processed.va.data
63.0,0.0,2.0,,0.0,0.0,0.0,,,,,,,0,0,long_beach_va,52,processed.va.data
62.0,1.0,4.0,152.0,153.0,0.0,1.0,97.0,1.0,1.6,1.0,,7.0,2,1,long_beach_va,53,processed.va.data
56.0,1.0,2.0,124.0,224.0,1.0,0.0,161.0,0.0,2.0,2.0,,,0,0,long_beach_va,54,processed.va.data
53.0,1.0,4.0,126.0,0.0,0.0,0.0,106.0,0.0,0.0,,,,1,1,long_beach_va,55,processed.va.data
68.0,1.0,4.0,138.0,0.0,0.0,0.0,130.0,1.0,3.0,2.0,,,2,1,long_beach_va,56,processed.va.data
53.0,1.0,4.0,154.0,0.0,,1.0,140.0,1.0,1.5,2.0,,,2,1,long_beach_va,57,processed.va.data
60.0,1.0,3.0,,316.0,1.0,1.0,,,,,,,3,1,long_beach_va,58,processed.va.data
62.0,1.0,2.0,,0.0,0.0,0.0,,,,,,,0,0,long_beach_va,59,processed.va.data
59.0,1.0,4.0,178.0,0.0,1.0,2.0,120.0,1.0,0.0,,,7.0,1,1,long_beach_va,60,processed.va.data
51.0,1.0,4.0,,218.0,1.0,2.0,,,,,,,0,0,long_beach_va,61,processed.va.data
61.0,1.0,4.0,110.0,0.0,,0.0,108.0,1.0,2.0,3.0,,,2,1,long_beach_va,62,processed.va.data
57.0,1.0,4.0,130.0,311.0,,1.0,148.0,1.0,2.0,2.0,,,1,1,long_beach_va,63,processed.va.data
56.0,1.0,3.0,170.0,0.0,0.0,2.0,123.0,1.0,2.5,,,,4,1,long_beach_va,64,processed.va.data
58.0,1.0,2.0,126.0,0.0,1.0,0.0,110.0,1.0,2.0,2.0,,,2,1,long_beach_va,65,processed.va.data
69.0,1.0,3.0,140.0,0.0,,1.0,118.0,0.0,2.5,3.0,,,2,1,long_beach_va,66,processed.va.data
67.0,1.0,1.0,142.0,270.0,1.0,0.0,125.0,0.0,2.5,1.0,,,3,1,long_beach_va,67,processed.va.data
58.0,1.0,4.0,120.0,0.0,0.0,2.0,106.0,1.0,1.5,3.0,,7.0,1,1,long_beach_va,68,processed.va.data
65.0,1.0,4.0,,0.0,0.0,0.0,,,,,,,1,1,long_beach_va,69,processed.va.data
63.0,1.0,2.0,,217.0,1.0,1.0,,,,,,,1,1,long_beach_va,70,processed.va.data
55.0,1.0,2.0,110.0,214.0,1.0,1.0,180.0,0.0,,,,,0,0,long_beach_va,71,processed.va.data
57.0,1.0,4.0,140.0,214.0,0.0,1.0,144.0,1.0,2.0,2.0,,6.0,2,1,long_beach_va,72,processed.va.data
65.0,1.0,1.0,,252.0,0.0,0.0,,,,,,,0,0,long_beach_va,73,processed.va.data
54.0,1.0,4.0,136.0,220.0,0.0,0.0,140.0,1.0,3.0,2.0,,,3,1,long_beach_va,74,processed.va.data
72.0,1.0,3.0,120.0,214.0,0.0,0.0,102.0,1.0,1.0,2.0,,,3,1,long_beach_va,75,processed.va.data
75.0,1.0,4.0,170.0,203.0,1.0,1.0,108.0,0.0,0.0,,,7.0,1,1,long_beach_va,76,processed.va.data
49.0,1.0,1.0,130.0,0.0,0.0,1.0,145.0,0.0,3.0,2.0,,,2,1,long_beach_va,77,processed.va.data
51.0,1.0,3.0,,339.0,0.0,0.0,,,,,,,3,1,long_beach_va,78,processed.va.data
60.0,1.0,4.0,142.0,216.0,0.0,0.0,110.0,1.0,2.5,2.0,,,2,1,long_beach_va,79,processed.va.data
64.0,0.0,4.0,142.0,276.0,0.0,0.0,140.0,1.0,1.0,2.0,,7.0,1,1,long_beach_va,80,processed.va.data
58.0,1.0,4.0,132.0,458.0,1.0,0.0,69.0,0.0,1.0,3.0,,,0,0,long_beach_va,81,processed.va.data
61.0,1.0,4.0,146.0,241.0,0.0,0.0,148.0,1.0,3.0,3.0,,,2,1,long_beach_va,82,processed.va.data
67.0,1.0,4.0,160.0,384.0,1.0,1.0,130.0,1.0,0.0,2.0,,,2,1,long_beach_va,83,processed.va.data
62.0,1.0,4.0,135.0,297.0,0.0,0.0,130.0,1.0,1.0,2.0,,,2,1,long_beach_va,84,processed.va.data
65.0,1.0,4.0,136.0,248.0,0.0,0.0,140.0,1.0,4.0,3.0,,,4,1,long_beach_va,85,processed.va.data
63.0,1.0,4.0,130.0,308.0,0.0,0.0,138.0,1.0,2.0,2.0,,,2,1,long_beach_va,86,processed.va.data
69.0,1.0,4.0,140.0,208.0,0.0,1.0,140.0,1.0,2.0,,,,3,1,long_beach_va,87,processed.va.data
51.0,1.0,4.0,,227.0,1.0,1.0,,,,,,,0,0,long_beach_va,88,processed.va.data
62.0,1.0,4.0,158.0,210.0,1.0,0.0,112.0,1.0,3.0,3.0,,,1,1,long_beach_va,89,processed.va.data
55.0,1.0,3.0,,245.0,1.0,1.0,,,,,,,1,1,long_beach_va,90,processed.va.data
75.0,1.0,4.0,136.0,225.0,0.0,0.0,112.0,1.0,3.0,2.0,,,3,1,long_beach_va,91,processed.va.data
40.0,1.0,3.0,106.0,240.0,0.0,0.0,80.0,1.0,0.0,,,7.0,0,0,long_beach_va,92,processed.va.data
67.0,1.0,4.0,120.0,0.0,1.0,0.0,150.0,0.0,1.5,3.0,,,3,1,long_beach_va,93,processed.va.data
58.0,1.0,4.0,110.0,198.0,0.0,0.0,110.0,0.0,0.0,,,,1,1,long_beach_va,94,processed.va.data
60.0,1.0,4.0,,195.0,0.0,0.0,,,,,,,0,0,long_beach_va,95,processed.va.data
63.0,1.0,4.0,160.0,267.0,1.0,1.0,88.0,1.0,2.0,,,,3,1,long_beach_va,96,processed.va.data
35.0,1.0,3.0,,161.0,0.0,1.0,,,,,,,0,0,long_beach_va,97,processed.va.data
62.0,1.0,1.0,112.0,258.0,0.0,1.0,150.0,1.0,,,,,1,1,long_beach_va,98,processed.va.data
43.0,1.0,4.0,122.0,0.0,0.0,0.0,120.0,0.0,0.5,1.0,,,1,1,long_beach_va,99,processed.va.data
63.0,1.0,3.0,130.0,0.0,1.0,1.0,160.0,0.0,3.0,2.0,,,0,0,long_beach_va,100,processed.va.data
68.0,1.0,3.0,150.0,195.0,1.0,0.0,132.0,0.0,0.0,,,6.0,1,1,long_beach_va,101,processed.va.data
65.0,1.0,4.0,150.0,235.0,0.0,0.0,120.0,1.0,1.5,2.0,,,3,1,long_beach_va,102,processed.va.data
48.0,1.0,3.0,102.0,0.0,,1.0,110.0,1.0,1.0,3.0,,,1,1,long_beach_va,103,processed.va.data
63.0,1.0,4.0,96.0,305.0,0.0,1.0,121.0,1.0,1.0,1.0,,,1,1,long_beach_va,104,processed.va.data
64.0,1.0,4.0,130.0,223.0,0.0,1.0,128.0,0.0,0.5,2.0,,,0,0,long_beach_va,105,processed.va.data
61.0,1.0,4.0,120.0,282.0,0.0,1.0,135.0,1.0,4.0,3.0,,6.0,3,1,long_beach_va,106,processed.va.data
50.0,1.0,4.0,144.0,349.0,0.0,2.0,120.0,1.0,1.0,1.0,,7.0,1,1,long_beach_va,107,processed.va.data
59.0,1.0,4.0,124.0,,0.0,0.0,117.0,1.0,1.0,2.0,,,1,1,long_beach_va,108,processed.va.data
55.0,1.0,4.0,150.0,160.0,0.0,1.0,150.0,0.0,0.0,,,,0,0,long_beach_va,109,processed.va.data
45.0,1.0,3.0,,236.0,0.0,0.0,,,,,,,0,0,long_beach_va,110,processed.va.data
65.0,1.0,4.0,,312.0,0.0,2.0,,,,,,,3,1,long_beach_va,111,processed.va.data
61.0,1.0,2.0,,283.0,0.0,0.0,,,,,,,0,0,long_beach_va,112,processed.va.data
49.0,1.0,3.0,,142.0,0.0,0.0,,,,,,,3,1,long_beach_va,113,processed.va.data
72.0,1.0,4.0,,211.0,0.0,0.0,,,,,,,1,1,long_beach_va,114,processed.va.data
50.0,1.0,4.0,,218.0,0.0,0.0,,,,,,,1,1,long_beach_va,115,processed.va.data
64.0,1.0,4.0,,306.0,1.0,1.0,,,,,,,3,1,long_beach_va,116,processed.va.data
55.0,1.0,4.0,116.0,186.0,1.0,1.0,102.0,0.0,0.0,,,,2,1,long_beach_va,117,processed.va.data
63.0,1.0,4.0,110.0,252.0,0.0,1.0,140.0,1.0,2.0,2.0,,,2,1,long_beach_va,118,processed.va.data
59.0,1.0,4.0,125.0,222.0,0.0,0.0,135.0,1.0,2.5,3.0,,,3,1,long_beach_va,119,processed.va.data
56.0,1.0,4.0,,0.0,0.0,2.0,,,,,,,1,1,long_beach_va,120,processed.va.data
62.0,1.0,3.0,,0.0,1.0,1.0,,,,,,,2,1,long_beach_va,121,processed.va.data
74.0,1.0,4.0,150.0,258.0,1.0,1.0,130.0,1.0,4.0,3.0,,,3,1,long_beach_va,122,processed.va.data
54.0,1.0,4.0,130.0,202.0,1.0,0.0,112.0,1.0,2.0,2.0,,,1,1,long_beach_va,123,processed.va.data
57.0,1.0,4.0,110.0,197.0,0.0,2.0,100.0,0.0,0.0,,,,0,0,long_beach_va,124,processed.va.data
62.0,1.0,3.0,,204.0,0.0,1.0,,,,,,,1,1,long_beach_va,125,processed.va.data
76.0,1.0,3.0,104.0,,0.0,2.0,120.0,0.0,3.5,3.0,,,4,1,long_beach_va,126,processed.va.data
54.0,0.0,4.0,138.0,274.0,0.0,0.0,105.0,1.0,1.5,2.0,,,1,1,long_beach_va,127,processed.va.data
70.0,1.0,4.0,170.0,192.0,0.0,1.0,129.0,1.0,3.0,3.0,,,2,1,long_beach_va,128,processed.va.data
61.0,0.0,2.0,140.0,298.0,1.0,0.0,120.0,1.0,0.0,,,7.0,0,0,long_beach_va,129,processed.va.data
48.0,1.0,4.0,,272.0,0.0,1.0,,,,,,,0,0,long_beach_va,130,processed.va.data
48.0,1.0,3.0,132.0,220.0,1.0,1.0,162.0,0.0,0.0,,,6.0,1,1,long_beach_va,131,processed.va.data
61.0,1.0,1.0,142.0,200.0,1.0,1.0,100.0,0.0,1.5,3.0,,,3,1,long_beach_va,132,processed.va.data
66.0,1.0,4.0,112.0,261.0,0.0,0.0,140.0,0.0,1.5,1.0,,,1,1,long_beach_va,133,processed.va.data
68.0,1.0,1.0,,181.0,1.0,1.0,,,,,,,0,0,long_beach_va,134,processed.va.data
55.0,1.0,4.0,172.0,260.0,0.0,0.0,73.0,0.0,2.0,,,,3,1,long_beach_va,135,processed.va.data
62.0,1.0,3.0,120.0,220.0,0.0,2.0,86.0,0.0,0.0,,,,0,0,long_beach_va,136,processed.va.data
71.0,1.0,3.0,,221.0,0.0,0.0,,,,,,,3,1,long_beach_va,137,processed.va.data
74.0,1.0,1.0,,216.0,1.0,0.0,,,,,,,3,1,long_beach_va,138,processed.va.data
53.0,1.0,3.0,155.0,175.0,1.0,1.0,160.0,0.0,,,,6.0,0,0,long_beach_va,139,processed.va.data
58.0,1.0,3.0,150.0,219.0,0.0,1.0,118.0,1.0,0.0,,,,2,1,long_beach_va,140,processed.va.data
75.0,1.0,4.0,160.0,310.0,1.0,0.0,112.0,1.0,2.0,3.0,,7.0,0,0,long_beach_va,141,processed.va.data
56.0,1.0,3.0,,208.0,1.0,1.0,,,,,,,4,1,long_beach_va,142,processed.va.data
58.0,1.0,3.0,,232.0,0.0,1.0,,,,,,,2,1,long_beach_va,143,processed.va.data
64.0,1.0,4.0,134.0,273.0,0.0,0.0,102.0,1.0,4.0,3.0,,,4,1,long_beach_va,144,processed.va.data
54.0,1.0,3.0,,203.0,0.0,1.0,,,,,,,0,0,long_beach_va,145,processed.va.data
54.0,1.0,2.0,,182.0,0.0,1.0,,,,,,,0,0,long_beach_va,146,processed.va.data
59.0,1.0,4.0,140.0,274.0,0.0,0.0,154.0,1.0,2.0,2.0,,,0,0,long_beach_va,147,processed.va.data
55.0,1.0,4.0,,204.0,1.0,1.0,,,,,,,1,1,long_beach_va,148,processed.va.data
57.0,1.0,4.0,144.0,270.0,1.0,1.0,160.0,1.0,2.0,2.0,,,3,1,long_beach_va,149,processed.va.data
61.0,1.0,4.0,,292.0,0.0,1.0,,,,,,,3,1,long_beach_va,150,processed.va.data
41.0,1.0,4.0,150.0,171.0,0.0,0.0,128.0,1.0,1.5,2.0,,,0,0,long_beach_va,151,processed.va.data
71.0,1.0,4.0,130.0,221.0,0.0,1.0,115.0,1.0,0.0,,,,3,1,long_beach_va,152,processed.va.data
38.0,1.0,4.0,110.0,289.0,0.0,0.0,105.0,1.0,1.5,3.0,,,1,1,long_beach_va,153,processed.va.data
55.0,1.0,4.0,158.0,217.0,0.0,0.0,110.0,1.0,2.5,2.0,,,1,1,long_beach_va,154,processed.va.data
56.0,1.0,4.0,128.0,223.0,0.0,1.0,119.0,1.0,2.0,3.0,,,2,1,long_beach_va,155,processed.va.data
69.0,1.0,4.0,,,1.0,0.0,,,,,,,2,1,long_beach_va,156,processed.va.data
64.0,1.0,4.0,150.0,193.0,0.0,1.0,135.0,1.0,0.5,2.0,,,2,1,long_beach_va,157,processed.va.data
72.0,1.0,4.0,160.0,,1.0,2.0,130.0,0.0,1.5,,,,2,1,long_beach_va,158,processed.va.data
69.0,1.0,4.0,,210.0,1.0,1.0,,,,,,,2,1,long_beach_va,159,processed.va.data
56.0,1.0,4.0,,282.0,1.0,0.0,,,,,,,1,1,long_beach_va,160,processed.va.data
62.0,1.0,4.0,,170.0,0.0,1.0,120.0,1.0,3.0,,,,4,1,long_beach_va,161,processed.va.data
67.0,1.0,4.0,,369.0,0.0,0.0,,,,,,,3,1,long_beach_va,162,processed.va.data
57.0,1.0,4.0,156.0,173.0,0.0,2.0,119.0,1.0,3.0,3.0,,,3,1,long_beach_va,163,processed.va.data
69.0,1.0,4.0,,289.0,1.0,1.0,,,,,,,3,1,long_beach_va,164,processed.va.data
51.0,1.0,4.0,,,1.0,2.0,,,,,,7.0,1,1,long_beach_va,165,processed.va.data
48.0,1.0,4.0,140.0,,0.0,0.0,159.0,1.0,1.5,1.0,,,3,1,long_beach_va,166,processed.va.data
69.0,1.0,4.0,122.0,216.0,1.0,2.0,84.0,1.0,0.0,,,7.0,2,1,long_beach_va,167,processed.va.data
69.0,1.0,3.0,,271.0,0.0,2.0,,,,,,,0,0,long_beach_va,168,processed.va.data
64.0,1.0,4.0,,244.0,1.0,1.0,,,,,,,2,1,long_beach_va,169,processed.va.data
57.0,1.0,2.0,180.0,285.0,1.0,1.0,120.0,0.0,0.8,,,,1,1,long_beach_va,170,processed.va.data
53.0,1.0,4.0,124.0,243.0,0.0,0.0,122.0,1.0,2.0,2.0,,7.0,1,1,long_beach_va,171,processed.va.data
37.0,1.0,3.0,118.0,240.0,0.0,2.0,165.0,0.0,1.0,2.0,,3.0,0,0,long_beach_va,172,processed.va.data
67.0,1.0,4.0,140.0,219.0,0.0,1.0,122.0,1.0,2.0,2.0,,7.0,3,1,long_beach_va,173,processed.va.data
74.0,1.0,3.0,140.0,237.0,1.0,0.0,94.0,0.0,0.0,,,,1,1,long_beach_va,174,processed.va.data
63.0,1.0,2.0,,165.0,0.0,1.0,,,,,,,0,0,long_beach_va,175,processed.va.data
58.0,1.0,4.0,100.0,213.0,0.0,1.0,110.0,0.0,0.0,,,,0,0,long_beach_va,176,processed.va.data
61.0,1.0,4.0,190.0,287.0,1.0,2.0,150.0,1.0,2.0,3.0,,,4,1,long_beach_va,177,processed.va.data
64.0,1.0,4.0,130.0,258.0,1.0,2.0,130.0,0.0,0.0,,,6.0,2,1,long_beach_va,178,processed.va.data
58.0,1.0,4.0,160.0,256.0,1.0,2.0,113.0,1.0,1.0,1.0,,,3,1,long_beach_va,179,processed.va.data
60.0,1.0,4.0,130.0,186.0,1.0,2.0,140.0,1.0,0.5,2.0,,,1,1,long_beach_va,180,processed.va.data
57.0,1.0,4.0,122.0,264.0,0.0,2.0,100.0,0.0,0.0,,,,1,1,long_beach_va,181,processed.va.data
55.0,1.0,3.0,,,0.0,1.0,,,,,,,0,0,long_beach_va,182,processed.va.data
55.0,1.0,4.0,120.0,226.0,0.0,2.0,127.0,1.0,1.7,3.0,,7.0,1,1,long_beach_va,183,processed.va.data
56.0,1.0,4.0,130.0,203.0,1.0,0.0,98.0,0.0,1.5,2.0,,7.0,1,1,long_beach_va,184,processed.va.data
57.0,1.0,4.0,130.0,207.0,0.0,1.0,96.0,1.0,1.0,2.0,,,0,0,long_beach_va,185,processed.va.data
61.0,1.0,3.0,,284.0,0.0,0.0,,,,,,,1,1,long_beach_va,186,processed.va.data
61.0,1.0,3.0,120.0,337.0,0.0,0.0,98.0,1.0,0.0,,,,3,1,long_beach_va,187,processed.va.data
58.0,1.0,3.0,150.0,219.0,0.0,1.0,118.0,1.0,0.0,,,,2,1,long_beach_va,188,processed.va.data
74.0,1.0,4.0,155.0,310.0,0.0,0.0,112.0,1.0,1.5,3.0,,,2,1,long_beach_va,189,processed.va.data
68.0,1.0,3.0,134.0,254.0,1.0,0.0,151.0,1.0,0.0,,,3.0,0,0,long_beach_va,190,processed.va.data
51.0,0.0,4.0,114.0,258.0,1.0,2.0,96.0,0.0,1.0,1.0,,,0,0,long_beach_va,191,processed.va.data
62.0,1.0,4.0,160.0,254.0,1.0,1.0,108.0,1.0,3.0,2.0,,,4,1,long_beach_va,192,processed.va.data
53.0,1.0,4.0,144.0,300.0,1.0,1.0,128.0,1.0,1.5,2.0,,,3,1,long_beach_va,193,processed.va.data
62.0,1.0,4.0,158.0,170.0,0.0,1.0,138.0,1.0,0.0,,,,1,1,long_beach_va,194,processed.va.data
46.0,1.0,4.0,134.0,310.0,0.0,0.0,126.0,0.0,0.0,,,3.0,2,1,long_beach_va,195,processed.va.data
54.0,0.0,4.0,127.0,333.0,1.0,1.0,154.0,0.0,0.0,,,,1,1,long_beach_va,196,processed.va.data
62.0,1.0,1.0,,139.0,0.0,1.0,,,,,,,0,0,long_beach_va,197,processed.va.data
55.0,1.0,4.0,122.0,223.0,1.0,1.0,100.0,0.0,0.0,,,6.0,2,1,long_beach_va,198,processed.va.data
58.0,1.0,4.0,,385.0,1.0,2.0,,,,,,,0,0,long_beach_va,199,processed.va.data
62.0,1.0,2.0,120.0,254.0,0.0,2.0,93.0,1.0,0.0,,,,1,1,long_beach_va,200,processed.va.data
